solid 
	facet normal 3.4201887e-01 5.4552843e-06 9.3969309e-01
		outer loop
			vertex -2.0521208e+01 -1.2500000e+02 4.2541992e+02
			vertex 4.8987141e+00 -1.2171538e+02 4.1616785e+02
			vertex 4.3413334e+00 -1.1847865e+02 4.1637070e+02
		endloop 
	endfacet 
	facet normal 3.4202084e-01 -3.0046699e-06 9.3969238e-01
		outer loop
			vertex 4.3413334e+00 -1.1847865e+02 4.1637070e+02
			vertex 3.4214008e+00 -1.1533701e+02 4.1670554e+02
			vertex -2.0521208e+01 -1.2500000e+02 4.2541992e+02
		endloop 
	endfacet 
	facet normal 3.4202081e-01 -2.9300913e-06 9.3969238e-01
		outer loop
			vertex 3.4214008e+00 -1.1533701e+02 4.1670554e+02
			vertex 2.1523309e+00 -1.1233630e+02 4.1716745e+02
			vertex -2.0521208e+01 -1.2500000e+02 4.2541992e+02
		endloop 
	endfacet 
	facet normal 3.4201971e-01 -7.0322011e-07 9.3969274e-01
		outer loop
			vertex 2.1523309e+00 -1.1233630e+02 4.1716745e+02
			vertex 5.5262977e-01 -1.0952023e+02 4.1774969e+02
			vertex -2.0521208e+01 -1.2500000e+02 4.2541992e+02
		endloop 
	endfacet 
	facet normal 3.4201935e-01 -1.7047800e-07 9.3969291e-01
		outer loop
			vertex 5.5262977e-01 -1.0952023e+02 4.1774969e+02
			vertex -1.3543754e+00 -1.0692991e+02 4.1844379e+02
			vertex -2.0521208e+01 -1.2500000e+02 4.2541992e+02
		endloop 
	endfacet 
	facet normal 3.4201717e-01 2.5571690e-06 9.3969381e-01
		outer loop
			vertex -1.3543754e+00 -1.0692991e+02 4.1844379e+02
			vertex -3.5408762e+00 -1.0460308e+02 4.1923959e+02
			vertex -2.0521208e+01 -1.2500000e+02 4.2541992e+02
		endloop 
	endfacet 
	facet normal 3.4202233e-01 -2.3440698e-06 9.3969190e-01
		outer loop
			vertex -3.5408762e+00 -1.0460308e+02 4.1923959e+02
			vertex -5.9749885e+00 -1.0257369e+02 4.2012555e+02
			vertex -2.0521208e+01 -1.2500000e+02 4.2541992e+02
		endloop 
	endfacet 
	facet normal 3.4201685e-01 1.6728151e-06 9.3969387e-01
		outer loop
			vertex -5.9749885e+00 -1.0257369e+02 4.2012555e+02
			vertex -8.6212168e+00 -1.0087132e+02 4.2108868e+02
			vertex -2.0521208e+01 -1.2500000e+02 4.2541992e+02
		endloop 
	endfacet 
	facet normal 3.4201971e-01 7.4584037e-08 9.3969285e-01
		outer loop
			vertex -8.6212168e+00 -1.0087132e+02 4.2108868e+02
			vertex -1.1440974e+01 -9.9520805e+01 4.2211499e+02
			vertex -2.0521208e+01 -1.2500000e+02 4.2541992e+02
		endloop 
	endfacet 
	facet normal 3.4201810e-01 7.1387609e-07 9.3969339e-01
		outer loop
			vertex -1.1440974e+01 -9.9520805e+01 4.2211499e+02
			vertex -1.4393143e+01 -9.8541832e+01 4.2318948e+02
			vertex -2.0521208e+01 -1.2500000e+02 4.2541992e+02
		endloop 
	endfacet 
	facet normal 3.4202003e-01 2.1842477e-07 9.3969274e-01
		outer loop
			vertex -1.4393143e+01 -9.8541832e+01 4.2318948e+02
			vertex -1.7434671e+01 -9.7948685e+01 4.2429651e+02
			vertex -2.0521208e+01 -1.2500000e+02 4.2541992e+02
		endloop 
	endfacet 
	facet normal 3.4202164e-01 0.0000000e+00 9.3969202e-01
		outer loop
			vertex -1.7434671e+01 -9.7948685e+01 4.2429651e+02
			vertex -2.0521208e+01 -9.7750000e+01 4.2541992e+02
			vertex -2.0521208e+01 -1.2500000e+02 4.2541992e+02
		endloop 
	endfacet 
	facet normal 3.4202150e-01 0.0000000e+00 9.3969214e-01
		outer loop
			vertex -2.0521208e+01 -9.7750000e+01 4.2541992e+02
			vertex -2.3607746e+01 -9.7948685e+01 4.2654333e+02
			vertex -2.0521208e+01 -1.2500000e+02 4.2541992e+02
		endloop 
	endfacet 
	facet normal 3.4201998e-01 -1.9711503e-07 9.3969274e-01
		outer loop
			vertex -2.3607746e+01 -9.7948685e+01 4.2654333e+02
			vertex -2.6649275e+01 -9.8541832e+01 4.2765036e+02
			vertex -2.0521208e+01 -1.2500000e+02 4.2541992e+02
		endloop 
	endfacet 
	facet normal 3.4201819e-01 -6.6592929e-07 9.3969339e-01
		outer loop
			vertex -2.6649275e+01 -9.8541832e+01 4.2765036e+02
			vertex -2.9601442e+01 -9.9520805e+01 4.2872485e+02
			vertex -2.0521208e+01 -1.2500000e+02 4.2541992e+02
		endloop 
	endfacet 
	facet normal 3.4201971e-01 -6.3929178e-08 9.3969285e-01
		outer loop
			vertex -2.9601442e+01 -9.9520805e+01 4.2872485e+02
			vertex -3.2421200e+01 -1.0087132e+02 4.2975116e+02
			vertex -2.0521208e+01 -1.2500000e+02 4.2541992e+02
		endloop 
	endfacet 
	facet normal 3.4202406e-01 2.3866844e-06 9.3969119e-01
		outer loop
			vertex -3.2421200e+01 -1.0087132e+02 4.2975116e+02
			vertex -3.5067429e+01 -1.0257369e+02 4.3071432e+02
			vertex -2.0521208e+01 -1.2500000e+02 4.2541992e+02
		endloop 
	endfacet 
	facet normal 3.4202284e-01 1.5236446e-06 9.3969160e-01
		outer loop
			vertex -3.5067429e+01 -1.0257369e+02 4.3071432e+02
			vertex -3.7501541e+01 -1.0460308e+02 4.3160028e+02
			vertex -2.0521208e+01 -1.2500000e+02 4.2541992e+02
		endloop 
	endfacet 
	facet normal 3.4201783e-01 -3.2603893e-06 9.3969351e-01
		outer loop
			vertex -3.7501541e+01 -1.0460308e+02 4.3160028e+02
			vertex -3.9688042e+01 -1.0692991e+02 4.3239609e+02
			vertex -2.0521208e+01 -1.2500000e+02 4.2541992e+02
		endloop 
	endfacet 
	facet normal 3.4202015e-01 -4.7946924e-07 9.3969268e-01
		outer loop
			vertex -3.9688042e+01 -1.0692991e+02 4.3239609e+02
			vertex -4.1595047e+01 -1.0952023e+02 4.3309018e+02
			vertex -2.0521208e+01 -1.2500000e+02 4.2541992e+02
		endloop 
	endfacet 
	facet normal 3.4202054e-01 1.9178724e-07 9.3969244e-01
		outer loop
			vertex -4.1595047e+01 -1.0952023e+02 4.3309018e+02
			vertex -4.3194748e+01 -1.1233630e+02 4.3367242e+02
			vertex -2.0521208e+01 -1.2500000e+02 4.2541992e+02
		endloop 
	endfacet 
	facet normal 3.4202173e-01 2.5358602e-06 9.3969208e-01
		outer loop
			vertex -4.3194748e+01 -1.1233630e+02 4.3367242e+02
			vertex -4.4463818e+01 -1.1533701e+02 4.3413434e+02
			vertex -2.0521208e+01 -1.2500000e+02 4.2541992e+02
		endloop 
	endfacet 
	facet normal 3.4201884e-01 -5.5405294e-06 9.3969315e-01
		outer loop
			vertex -4.4463818e+01 -1.1533701e+02 4.3413434e+02
			vertex -4.5383751e+01 -1.1847865e+02 4.3446915e+02
			vertex -2.0521208e+01 -1.2500000e+02 4.2541992e+02
		endloop 
	endfacet 
	facet normal 3.4202081e-01 3.0259753e-06 9.3969238e-01
		outer loop
			vertex -4.5383751e+01 -1.1847865e+02 4.3446915e+02
			vertex -4.5941132e+01 -1.2171538e+02 4.3467203e+02
			vertex -2.0521208e+01 -1.2500000e+02 4.2541992e+02
		endloop 
	endfacet 
	facet normal 3.4202078e-01 2.3680443e-06 9.3969244e-01
		outer loop
			vertex -4.5941132e+01 -1.2171538e+02 4.3467203e+02
			vertex -4.6127834e+01 -1.2500000e+02 4.3473999e+02
			vertex -2.0521208e+01 -1.2500000e+02 4.2541992e+02
		endloop 
	endfacet 
	facet normal 3.4202078e-01 -2.3680443e-06 9.3969244e-01
		outer loop
			vertex -4.6127834e+01 -1.2500000e+02 4.3473999e+02
			vertex -4.5941132e+01 -1.2828462e+02 4.3467203e+02
			vertex -2.0521208e+01 -1.2500000e+02 4.2541992e+02
		endloop 
	endfacet 
	facet normal 3.4202084e-01 -3.0313099e-06 9.3969244e-01
		outer loop
			vertex -4.5941132e+01 -1.2828462e+02 4.3467203e+02
			vertex -4.5383751e+01 -1.3152135e+02 4.3446915e+02
			vertex -2.0521208e+01 -1.2500000e+02 4.2541992e+02
		endloop 
	endfacet 
	facet normal 3.4201884e-01 5.5405299e-06 9.3969315e-01
		outer loop
			vertex -4.5383751e+01 -1.3152135e+02 4.3446915e+02
			vertex -4.4463818e+01 -1.3466298e+02 4.3413434e+02
			vertex -2.0521208e+01 -1.2500000e+02 4.2541992e+02
		endloop 
	endfacet 
	facet normal 3.4202170e-01 -2.5358493e-06 9.3969208e-01
		outer loop
			vertex -4.4463818e+01 -1.3466298e+02 4.3413434e+02
			vertex -4.3194748e+01 -1.3766371e+02 4.3367242e+02
			vertex -2.0521208e+01 -1.2500000e+02 4.2541992e+02
		endloop 
	endfacet 
	facet normal 3.4202054e-01 -1.8113275e-07 9.3969244e-01
		outer loop
			vertex -4.3194748e+01 -1.3766371e+02 4.3367242e+02
			vertex -4.1595047e+01 -1.4047977e+02 4.3309018e+02
			vertex -2.0521208e+01 -1.2500000e+02 4.2541992e+02
		endloop 
	endfacet 
	facet normal 3.4202009e-01 4.7946827e-07 9.3969262e-01
		outer loop
			vertex -4.1595047e+01 -1.4047977e+02 4.3309018e+02
			vertex -3.9688042e+01 -1.4307010e+02 4.3239609e+02
			vertex -2.0521208e+01 -1.2500000e+02 4.2541992e+02
		endloop 
	endfacet 
	facet normal 3.4201780e-01 3.2603998e-06 9.3969339e-01
		outer loop
			vertex -3.9688042e+01 -1.4307010e+02 4.3239609e+02
			vertex -3.7501541e+01 -1.4539691e+02 4.3160028e+02
			vertex -2.0521208e+01 -1.2500000e+02 4.2541992e+02
		endloop 
	endfacet 
	facet normal 3.4202290e-01 -1.5236404e-06 9.3969166e-01
		outer loop
			vertex -3.7501541e+01 -1.4539691e+02 4.3160028e+02
			vertex -3.5067429e+01 -1.4742632e+02 4.3071432e+02
			vertex -2.0521208e+01 -1.2500000e+02 4.2541992e+02
		endloop 
	endfacet 
	facet normal 3.4202406e-01 -2.3866871e-06 9.3969119e-01
		outer loop
			vertex -3.5067429e+01 -1.4742632e+02 4.3071432e+02
			vertex -3.2421200e+01 -1.4912868e+02 4.2975116e+02
			vertex -2.0521208e+01 -1.2500000e+02 4.2541992e+02
		endloop 
	endfacet 
	facet normal 3.4201968e-01 6.3929242e-08 9.3969274e-01
		outer loop
			vertex -3.2421200e+01 -1.4912868e+02 4.2975116e+02
			vertex -2.9601442e+01 -1.5047919e+02 4.2872485e+02
			vertex -2.0521208e+01 -1.2500000e+02 4.2541992e+02
		endloop 
	endfacet 
	facet normal 3.4201819e-01 6.7125700e-07 9.3969333e-01
		outer loop
			vertex -2.9601442e+01 -1.5047919e+02 4.2872485e+02
			vertex -2.6649275e+01 -1.5145816e+02 4.2765036e+02
			vertex -2.0521208e+01 -1.2500000e+02 4.2541992e+02
		endloop 
	endfacet 
	facet normal 3.4202000e-01 1.9711497e-07 9.3969274e-01
		outer loop
			vertex -2.6649275e+01 -1.5145816e+02 4.2765036e+02
			vertex -2.3607746e+01 -1.5205132e+02 4.2654333e+02
			vertex -2.0521208e+01 -1.2500000e+02 4.2541992e+02
		endloop 
	endfacet 
	facet normal 3.4202150e-01 0.0000000e+00 9.3969214e-01
		outer loop
			vertex -2.3607746e+01 -1.5205132e+02 4.2654333e+02
			vertex -2.0521208e+01 -1.5225000e+02 4.2541992e+02
			vertex -2.0521208e+01 -1.2500000e+02 4.2541992e+02
		endloop 
	endfacet 
	facet normal 3.4202167e-01 -0.0000000e+00 9.3969202e-01
		outer loop
			vertex -2.0521208e+01 -1.5225000e+02 4.2541992e+02
			vertex -1.7434671e+01 -1.5205132e+02 4.2429651e+02
			vertex -2.0521208e+01 -1.2500000e+02 4.2541992e+02
		endloop 
	endfacet 
	facet normal 3.4201998e-01 -2.2108843e-07 9.3969274e-01
		outer loop
			vertex -1.7434671e+01 -1.5205132e+02 4.2429651e+02
			vertex -1.4393143e+01 -1.5145816e+02 4.2318948e+02
			vertex -2.0521208e+01 -1.2500000e+02 4.2541992e+02
		endloop 
	endfacet 
	facet normal 3.4201810e-01 -7.1387620e-07 9.3969339e-01
		outer loop
			vertex -1.4393143e+01 -1.5145816e+02 4.2318948e+02
			vertex -1.1440974e+01 -1.5047919e+02 4.2211499e+02
			vertex -2.0521208e+01 -1.2500000e+02 4.2541992e+02
		endloop 
	endfacet 
	facet normal 3.4201965e-01 -7.4584108e-08 9.3969274e-01
		outer loop
			vertex -1.1440974e+01 -1.5047919e+02 4.2211499e+02
			vertex -8.6212168e+00 -1.4912868e+02 4.2108868e+02
			vertex -2.0521208e+01 -1.2500000e+02 4.2541992e+02
		endloop 
	endfacet 
	facet normal 3.4201685e-01 -1.6621619e-06 9.3969387e-01
		outer loop
			vertex -8.6212168e+00 -1.4912868e+02 4.2108868e+02
			vertex -5.9749885e+00 -1.4742632e+02 4.2012555e+02
			vertex -2.0521208e+01 -1.2500000e+02 4.2541992e+02
		endloop 
	endfacet 
	facet normal 3.4202230e-01 2.3440630e-06 9.3969190e-01
		outer loop
			vertex -5.9749885e+00 -1.4742632e+02 4.2012555e+02
			vertex -3.5408762e+00 -1.4539691e+02 4.1923959e+02
			vertex -2.0521208e+01 -1.2500000e+02 4.2541992e+02
		endloop 
	endfacet 
	facet normal 3.4201714e-01 -2.5571774e-06 9.3969381e-01
		outer loop
			vertex -3.5408762e+00 -1.4539691e+02 4.1923959e+02
			vertex -1.3543754e+00 -1.4307010e+02 4.1844379e+02
			vertex -2.0521208e+01 -1.2500000e+02 4.2541992e+02
		endloop 
	endfacet 
	facet normal 3.4201938e-01 1.8113253e-07 9.3969291e-01
		outer loop
			vertex -1.3543754e+00 -1.4307010e+02 4.1844379e+02
			vertex 5.5262977e-01 -1.4047977e+02 4.1774969e+02
			vertex -2.0521208e+01 -1.2500000e+02 4.2541992e+02
		endloop 
	endfacet 
	facet normal 3.4201971e-01 7.0322153e-07 9.3969285e-01
		outer loop
			vertex 5.5262977e-01 -1.4047977e+02 4.1774969e+02
			vertex 2.1523309e+00 -1.3766371e+02 4.1716745e+02
			vertex -2.0521208e+01 -1.2500000e+02 4.2541992e+02
		endloop 
	endfacet 
	facet normal 3.4202081e-01 2.9407338e-06 9.3969238e-01
		outer loop
			vertex 2.1523309e+00 -1.3766371e+02 4.1716745e+02
			vertex 3.4214008e+00 -1.3466298e+02 4.1670554e+02
			vertex -2.0521208e+01 -1.2500000e+02 4.2541992e+02
		endloop 
	endfacet 
	facet normal 3.4202081e-01 2.9940152e-06 9.3969238e-01
		outer loop
			vertex 3.4214008e+00 -1.3466298e+02 4.1670554e+02
			vertex 4.3413334e+00 -1.3152135e+02 4.1637070e+02
			vertex -2.0521208e+01 -1.2500000e+02 4.2541992e+02
		endloop 
	endfacet 
	facet normal 3.4201887e-01 -5.4552966e-06 9.3969309e-01
		outer loop
			vertex 4.3413334e+00 -1.3152135e+02 4.1637070e+02
			vertex 4.8987141e+00 -1.2828462e+02 4.1616785e+02
			vertex -2.0521208e+01 -1.2500000e+02 4.2541992e+02
		endloop 
	endfacet 
	facet normal 3.4201980e-01 2.5771471e-06 9.3969280e-01
		outer loop
			vertex 4.8987141e+00 -1.2828462e+02 4.1616785e+02
			vertex 5.0854154e+00 -1.2500000e+02 4.1609988e+02
			vertex -2.0521208e+01 -1.2500000e+02 4.2541992e+02
		endloop 
	endfacet 
	facet normal 3.4201980e-01 -2.5771474e-06 9.3969274e-01
		outer loop
			vertex 5.0854154e+00 -1.2500000e+02 4.1609988e+02
			vertex 4.8987141e+00 -1.2171538e+02 4.1616785e+02
			vertex -2.0521208e+01 -1.2500000e+02 4.2541992e+02
		endloop 
	endfacet 
	facet normal -9.3797821e-01 -6.0379524e-02 3.4139612e-01
		outer loop
			vertex 4.8987141e+00 -1.2171538e+02 4.1616785e+02
			vertex 5.0854154e+00 -1.2500000e+02 4.1609988e+02
			vertex 2.5606625e+01 -1.2500000e+02 4.7248145e+02
		endloop 
	endfacet 
	facet normal -9.2430079e-01 -1.8025273e-01 3.3641794e-01
		outer loop
			vertex 4.3413334e+00 -1.1847865e+02 4.1637070e+02
			vertex 4.8987141e+00 -1.2171538e+02 4.1616785e+02
			vertex 2.5419922e+01 -1.2171538e+02 4.7254941e+02
		endloop 
	endfacet 
	facet normal -8.9714390e-01 -2.9750401e-01 3.2653365e-01
		outer loop
			vertex 3.4214008e+00 -1.1533701e+02 4.1670554e+02
			vertex 4.3413334e+00 -1.1847865e+02 4.1637070e+02
			vertex 2.4862541e+01 -1.1847865e+02 4.7275226e+02
		endloop 
	endfacet 
	facet normal -8.5690486e-01 -4.1041443e-01 3.1188786e-01
		outer loop
			vertex 2.1523309e+00 -1.1233630e+02 4.1716745e+02
			vertex 3.4214008e+00 -1.1533701e+02 4.1670554e+02
			vertex 2.3942610e+01 -1.1533701e+02 4.7308710e+02
		endloop 
	endfacet 
	facet normal -8.0417162e-01 -5.1733726e-01 2.9269469e-01
		outer loop
			vertex 5.5262977e-01 -1.0952023e+02 4.1774969e+02
			vertex 2.1523309e+00 -1.1233630e+02 4.1716745e+02
			vertex 2.2673540e+01 -1.1233630e+02 4.7354898e+02
		endloop 
	endfacet 
	facet normal -7.3971015e-01 -6.1671925e-01 2.6923260e-01
		outer loop
			vertex -1.3543754e+00 -1.0692991e+02 4.1844379e+02
			vertex 5.5262977e-01 -1.0952023e+02 4.1774969e+02
			vertex 2.1073839e+01 -1.0952023e+02 4.7413123e+02
		endloop 
	endfacet 
	facet normal -6.6446400e-01 -7.0710564e-01 2.4184525e-01
		outer loop
			vertex -3.5408762e+00 -1.0460308e+02 4.1923959e+02
			vertex -1.3543754e+00 -1.0692991e+02 4.1844379e+02
			vertex 1.9166834e+01 -1.0692991e+02 4.7482532e+02
		endloop 
	endfacet 
	facet normal -5.7952487e-01 -7.8718448e-01 2.1092981e-01
		outer loop
			vertex -5.9749885e+00 -1.0257369e+02 4.2012555e+02
			vertex -3.5408762e+00 -1.0460308e+02 4.1923959e+02
			vertex 1.6980333e+01 -1.0460308e+02 4.7562115e+02
		endloop 
	endfacet 
	facet normal -4.8613983e-01 -8.5578036e-01 1.7694043e-01
		outer loop
			vertex -8.6212168e+00 -1.0087132e+02 4.2108868e+02
			vertex -5.9749885e+00 -1.0257369e+02 4.2012555e+02
			vertex 1.4546221e+01 -1.0257369e+02 4.7650711e+02
		endloop 
	endfacet 
	facet normal -3.8566232e-01 -9.1189975e-01 1.4036958e-01
		outer loop
			vertex -1.1440974e+01 -9.9520805e+01 4.2211499e+02
			vertex -8.6212168e+00 -1.0087132e+02 4.2108868e+02
			vertex 1.1899991e+01 -1.0087132e+02 4.7747025e+02
		endloop 
	endfacet 
	facet normal -2.7956197e-01 -9.5472068e-01 1.0175222e-01
		outer loop
			vertex -1.4393143e+01 -9.8541832e+01 4.2318948e+02
			vertex -1.1440974e+01 -9.9520805e+01 4.2211499e+02
			vertex 9.0802336e+00 -9.9520805e+01 4.7849655e+02
		endloop 
	endfacet 
	facet normal -1.6938294e-01 -9.8362017e-01 6.1650347e-02
		outer loop
			vertex -1.7434671e+01 -9.7948685e+01 4.2429651e+02
			vertex -1.4393143e+01 -9.8541832e+01 4.2318948e+02
			vertex 6.1280661e+00 -9.8541832e+01 4.7957104e+02
		endloop 
	endfacet 
	facet normal -5.6737639e-02 -9.9817550e-01 2.0650813e-02
		outer loop
			vertex -2.0521208e+01 -9.7750000e+01 4.2541992e+02
			vertex -1.7434671e+01 -9.7948685e+01 4.2429651e+02
			vertex 3.0865374e+00 -9.7948685e+01 4.8067807e+02
		endloop 
	endfacet 
	facet normal 5.6737609e-02 -9.9817550e-01 -2.0650798e-02
		outer loop
			vertex -2.3607746e+01 -9.7948685e+01 4.2654333e+02
			vertex -2.0521208e+01 -9.7750000e+01 4.2541992e+02
			vertex 1.7951332e-14 -9.7750000e+01 4.8180148e+02
		endloop 
	endfacet 
	facet normal 1.6938294e-01 -9.8362017e-01 -6.1650347e-02
		outer loop
			vertex -2.6649275e+01 -9.8541832e+01 4.2765036e+02
			vertex -2.3607746e+01 -9.7948685e+01 4.2654333e+02
			vertex -3.0865374e+00 -9.7948685e+01 4.8292490e+02
		endloop 
	endfacet 
	facet normal 2.7956203e-01 -9.5472068e-01 -1.0175227e-01
		outer loop
			vertex -2.9601442e+01 -9.9520805e+01 4.2872485e+02
			vertex -2.6649275e+01 -9.8541832e+01 4.2765036e+02
			vertex -6.1280661e+00 -9.8541832e+01 4.8403192e+02
		endloop 
	endfacet 
	facet normal 3.8566232e-01 -9.1189975e-01 -1.4036958e-01
		outer loop
			vertex -3.2421200e+01 -1.0087132e+02 4.2975116e+02
			vertex -2.9601442e+01 -9.9520805e+01 4.2872485e+02
			vertex -9.0802336e+00 -9.9520805e+01 4.8510641e+02
		endloop 
	endfacet 
	facet normal 4.8613849e-01 -8.5578126e-01 -1.7693993e-01
		outer loop
			vertex -3.5067429e+01 -1.0257369e+02 4.3071432e+02
			vertex -3.2421200e+01 -1.0087132e+02 4.2975116e+02
			vertex -1.1899991e+01 -1.0087132e+02 4.8613272e+02
		endloop 
	endfacet 
	facet normal 5.7952487e-01 -7.8718460e-01 -2.1092980e-01
		outer loop
			vertex -3.7501541e+01 -1.0460308e+02 4.3160028e+02
			vertex -3.5067429e+01 -1.0257369e+02 4.3071432e+02
			vertex -1.4546221e+01 -1.0257369e+02 4.8709589e+02
		endloop 
	endfacet 
	facet normal 6.6446406e-01 -7.0710558e-01 -2.4184525e-01
		outer loop
			vertex -3.9688042e+01 -1.0692991e+02 4.3239609e+02
			vertex -3.7501541e+01 -1.0460308e+02 4.3160028e+02
			vertex -1.6980333e+01 -1.0460308e+02 4.8798181e+02
		endloop 
	endfacet 
	facet normal 7.3971015e-01 -6.1671937e-01 -2.6923245e-01
		outer loop
			vertex -4.1595047e+01 -1.0952023e+02 4.3309018e+02
			vertex -3.9688042e+01 -1.0692991e+02 4.3239609e+02
			vertex -1.9166834e+01 -1.0692991e+02 4.8877765e+02
		endloop 
	endfacet 
	facet normal 8.0417174e-01 -5.1733720e-01 -2.9269454e-01
		outer loop
			vertex -4.3194748e+01 -1.1233630e+02 4.3367242e+02
			vertex -4.1595047e+01 -1.0952023e+02 4.3309018e+02
			vertex -2.1073839e+01 -1.0952023e+02 4.8947174e+02
		endloop 
	endfacet 
	facet normal 8.5690486e-01 -4.1041431e-01 -3.1188780e-01
		outer loop
			vertex -4.4463818e+01 -1.1533701e+02 4.3413434e+02
			vertex -4.3194748e+01 -1.1233630e+02 4.3367242e+02
			vertex -2.2673540e+01 -1.1233630e+02 4.9005399e+02
		endloop 
	endfacet 
	facet normal 8.9714468e-01 -2.9750127e-01 -3.2653391e-01
		outer loop
			vertex -4.5383751e+01 -1.1847865e+02 4.3446915e+02
			vertex -4.4463818e+01 -1.1533701e+02 4.3413434e+02
			vertex -2.3942610e+01 -1.1533701e+02 4.9051590e+02
		endloop 
	endfacet 
	facet normal 9.2430025e-01 -1.8025580e-01 -3.3641779e-01
		outer loop
			vertex -4.5941132e+01 -1.2171538e+02 4.3467203e+02
			vertex -4.5383751e+01 -1.1847865e+02 4.3446915e+02
			vertex -2.4862541e+01 -1.1847865e+02 4.9085071e+02
		endloop 
	endfacet 
	facet normal 9.3797809e-01 -6.0379930e-02 -3.4139609e-01
		outer loop
			vertex -4.6127834e+01 -1.2500000e+02 4.3473999e+02
			vertex -4.5941132e+01 -1.2171538e+02 4.3467203e+02
			vertex -2.5419922e+01 -1.2171538e+02 4.9105359e+02
		endloop 
	endfacet 
	facet normal 9.3797815e-01 6.0379930e-02 -3.4139615e-01
		outer loop
			vertex -4.5941132e+01 -1.2828462e+02 4.3467203e+02
			vertex -4.6127834e+01 -1.2500000e+02 4.3473999e+02
			vertex -2.5606625e+01 -1.2500000e+02 4.9112155e+02
		endloop 
	endfacet 
	facet normal 9.2430019e-01 1.8025620e-01 -3.3641773e-01
		outer loop
			vertex -4.5383751e+01 -1.3152135e+02 4.3446915e+02
			vertex -4.5941132e+01 -1.2828462e+02 4.3467203e+02
			vertex -2.5419922e+01 -1.2828462e+02 4.9105359e+02
		endloop 
	endfacet 
	facet normal 8.9714468e-01 2.9750130e-01 -3.2653397e-01
		outer loop
			vertex -4.4463818e+01 -1.3466298e+02 4.3413434e+02
			vertex -4.5383751e+01 -1.3152135e+02 4.3446915e+02
			vertex -2.4862541e+01 -1.3152135e+02 4.9085071e+02
		endloop 
	endfacet 
	facet normal 8.5690564e-01 4.1041261e-01 -3.1188813e-01
		outer loop
			vertex -4.3194748e+01 -1.3766371e+02 4.3367242e+02
			vertex -4.4463818e+01 -1.3466298e+02 4.3413434e+02
			vertex -2.3942610e+01 -1.3466298e+02 4.9051590e+02
		endloop 
	endfacet 
	facet normal 8.0417109e-01 5.1733822e-01 -2.9269430e-01
		outer loop
			vertex -4.1595047e+01 -1.4047977e+02 4.3309018e+02
			vertex -4.3194748e+01 -1.3766371e+02 4.3367242e+02
			vertex -2.2673540e+01 -1.3766371e+02 4.9005399e+02
		endloop 
	endfacet 
	facet normal 7.3971099e-01 6.1671823e-01 -2.6923275e-01
		outer loop
			vertex -3.9688042e+01 -1.4307010e+02 4.3239609e+02
			vertex -4.1595047e+01 -1.4047977e+02 4.3309018e+02
			vertex -2.1073839e+01 -1.4047977e+02 4.8947174e+02
		endloop 
	endfacet 
	facet normal 6.6446191e-01 7.0710796e-01 -2.4184433e-01
		outer loop
			vertex -3.7501541e+01 -1.4539691e+02 4.3160028e+02
			vertex -3.9688042e+01 -1.4307010e+02 4.3239609e+02
			vertex -1.9166834e+01 -1.4307010e+02 4.8877765e+02
		endloop 
	endfacet 
	facet normal 5.7952756e-01 7.8718227e-01 -2.1093085e-01
		outer loop
			vertex -3.5067429e+01 -1.4742632e+02 4.3071432e+02
			vertex -3.7501541e+01 -1.4539691e+02 4.3160028e+02
			vertex -1.6980333e+01 -1.4539691e+02 4.8798181e+02
		endloop 
	endfacet 
	facet normal 4.8613697e-01 8.5578233e-01 -1.7693935e-01
		outer loop
			vertex -3.2421200e+01 -1.4912868e+02 4.2975116e+02
			vertex -3.5067429e+01 -1.4742632e+02 4.3071432e+02
			vertex -1.4546221e+01 -1.4742632e+02 4.8709589e+02
		endloop 
	endfacet 
	facet normal 3.8566047e-01 9.1190058e-01 -1.4036892e-01
		outer loop
			vertex -2.9601442e+01 -1.5047919e+02 4.2872485e+02
			vertex -3.2421200e+01 -1.4912868e+02 4.2975116e+02
			vertex -1.1899991e+01 -1.4912868e+02 4.8613272e+02
		endloop 
	endfacet 
	facet normal 2.7956203e-01 9.5472068e-01 -1.0175225e-01
		outer loop
			vertex -2.6649275e+01 -1.5145816e+02 4.2765036e+02
			vertex -2.9601442e+01 -1.5047919e+02 4.2872485e+02
			vertex -9.0802336e+00 -1.5047919e+02 4.8510641e+02
		endloop 
	endfacet 
	facet normal 1.6938505e-01 9.8361969e-01 -6.1651111e-02
		outer loop
			vertex -2.3607746e+01 -1.5205132e+02 4.2654333e+02
			vertex -2.6649275e+01 -1.5145816e+02 4.2765036e+02
			vertex -6.1280661e+00 -1.5145816e+02 4.8403192e+02
		endloop 
	endfacet 
	facet normal 5.6737620e-02 9.9817562e-01 -2.0650802e-02
		outer loop
			vertex -2.0521208e+01 -1.5225000e+02 4.2541992e+02
			vertex -2.3607746e+01 -1.5205132e+02 4.2654333e+02
			vertex -3.0865374e+00 -1.5205132e+02 4.8292490e+02
		endloop 
	endfacet 
	facet normal -5.6737646e-02 9.9817550e-01 2.0650811e-02
		outer loop
			vertex -1.7434671e+01 -1.5205132e+02 4.2429651e+02
			vertex -2.0521208e+01 -1.5225000e+02 4.2541992e+02
			vertex 2.4930946e-14 -1.5225000e+02 4.8180148e+02
		endloop 
	endfacet 
	facet normal -1.6938505e-01 9.8361969e-01 6.1651111e-02
		outer loop
			vertex -1.4393143e+01 -1.5145816e+02 4.2318948e+02
			vertex -1.7434671e+01 -1.5205132e+02 4.2429651e+02
			vertex 3.0865374e+00 -1.5205132e+02 4.8067807e+02
		endloop 
	endfacet 
	facet normal -2.7956197e-01 9.5472062e-01 1.0175223e-01
		outer loop
			vertex -1.1440974e+01 -1.5047919e+02 4.2211499e+02
			vertex -1.4393143e+01 -1.5145816e+02 4.2318948e+02
			vertex 6.1280661e+00 -1.5145816e+02 4.7957104e+02
		endloop 
	endfacet 
	facet normal -3.8566047e-01 9.1190058e-01 1.4036892e-01
		outer loop
			vertex -8.6212168e+00 -1.4912868e+02 4.2108868e+02
			vertex -1.1440974e+01 -1.5047919e+02 4.2211499e+02
			vertex 9.0802336e+00 -1.5047919e+02 4.7849655e+02
		endloop 
	endfacet 
	facet normal -4.8613825e-01 8.5578138e-01 1.7693983e-01
		outer loop
			vertex -5.9749885e+00 -1.4742632e+02 4.2012555e+02
			vertex -8.6212168e+00 -1.4912868e+02 4.2108868e+02
			vertex 1.1899991e+01 -1.4912868e+02 4.7747025e+02
		endloop 
	endfacet 
	facet normal -5.7952762e-01 7.8718227e-01 2.1093078e-01
		outer loop
			vertex -3.5408762e+00 -1.4539691e+02 4.1923959e+02
			vertex -5.9749885e+00 -1.4742632e+02 4.2012555e+02
			vertex 1.4546221e+01 -1.4742632e+02 4.7650711e+02
		endloop 
	endfacet 
	facet normal -6.6446191e-01 7.0710802e-01 2.4184436e-01
		outer loop
			vertex -1.3543754e+00 -1.4307010e+02 4.1844379e+02
			vertex -3.5408762e+00 -1.4539691e+02 4.1923959e+02
			vertex 1.6980333e+01 -1.4539691e+02 4.7562115e+02
		endloop 
	endfacet 
	facet normal -7.3971099e-01 6.1671817e-01 2.6923290e-01
		outer loop
			vertex 5.5262977e-01 -1.4047977e+02 4.1774969e+02
			vertex -1.3543754e+00 -1.4307010e+02 4.1844379e+02
			vertex 1.9166834e+01 -1.4307010e+02 4.7482532e+02
		endloop 
	endfacet 
	facet normal -8.0417109e-01 5.1733828e-01 2.9269451e-01
		outer loop
			vertex 2.1523309e+00 -1.3766371e+02 4.1716745e+02
			vertex 5.5262977e-01 -1.4047977e+02 4.1774969e+02
			vertex 2.1073839e+01 -1.4047977e+02 4.7413123e+02
		endloop 
	endfacet 
	facet normal -8.5690558e-01 4.1041273e-01 3.1188828e-01
		outer loop
			vertex 3.4214008e+00 -1.3466298e+02 4.1670554e+02
			vertex 2.1523309e+00 -1.3766371e+02 4.1716745e+02
			vertex 2.2673540e+01 -1.3766371e+02 4.7354898e+02
		endloop 
	endfacet 
	facet normal -8.9714390e-01 2.9750401e-01 3.2653365e-01
		outer loop
			vertex 4.3413334e+00 -1.3152135e+02 4.1637070e+02
			vertex 3.4214008e+00 -1.3466298e+02 4.1670554e+02
			vertex 2.3942610e+01 -1.3466298e+02 4.7308710e+02
		endloop 
	endfacet 
	facet normal -9.2430073e-01 1.8025315e-01 3.3641788e-01
		outer loop
			vertex 4.8987141e+00 -1.2828462e+02 4.1616785e+02
			vertex 4.3413334e+00 -1.3152135e+02 4.1637070e+02
			vertex 2.4862541e+01 -1.3152135e+02 4.7275226e+02
		endloop 
	endfacet 
	facet normal -9.3797821e-01 6.0379528e-02 3.4139615e-01
		outer loop
			vertex 5.0854154e+00 -1.2500000e+02 4.1609988e+02
			vertex 4.8987141e+00 -1.2828462e+02 4.1616785e+02
			vertex 2.5419922e+01 -1.2828462e+02 4.7254941e+02
		endloop 
	endfacet 
	facet normal -9.3797815e-01 6.0379930e-02 3.4139615e-01
		outer loop
			vertex 2.5419922e+01 -1.2828462e+02 4.7254941e+02
			vertex 2.5606625e+01 -1.2500000e+02 4.7248145e+02
			vertex 5.0854154e+00 -1.2500000e+02 4.1609988e+02
		endloop 
	endfacet 
	facet normal -9.2430073e-01 1.8025315e-01 3.3641788e-01
		outer loop
			vertex 2.4862541e+01 -1.3152135e+02 4.7275226e+02
			vertex 2.5419922e+01 -1.2828462e+02 4.7254941e+02
			vertex 4.8987141e+00 -1.2828462e+02 4.1616785e+02
		endloop 
	endfacet 
	facet normal -8.9714402e-01 2.9750368e-01 3.2653368e-01
		outer loop
			vertex 2.3942610e+01 -1.3466298e+02 4.7308710e+02
			vertex 2.4862541e+01 -1.3152135e+02 4.7275226e+02
			vertex 4.3413334e+00 -1.3152135e+02 4.1637070e+02
		endloop 
	endfacet 
	facet normal -8.5690671e-01 4.1040996e-01 3.1188855e-01
		outer loop
			vertex 2.2673540e+01 -1.3766371e+02 4.7354898e+02
			vertex 2.3942610e+01 -1.3466298e+02 4.7308710e+02
			vertex 3.4214008e+00 -1.3466298e+02 4.1670554e+02
		endloop 
	endfacet 
	facet normal -8.0417109e-01 5.1733828e-01 2.9269448e-01
		outer loop
			vertex 2.1073839e+01 -1.4047977e+02 4.7413123e+02
			vertex 2.2673540e+01 -1.3766371e+02 4.7354898e+02
			vertex 2.1523309e+00 -1.3766371e+02 4.1716745e+02
		endloop 
	endfacet 
	facet normal -7.3971093e-01 6.1671823e-01 2.6923290e-01
		outer loop
			vertex 1.9166834e+01 -1.4307010e+02 4.7482532e+02
			vertex 2.1073839e+01 -1.4047977e+02 4.7413123e+02
			vertex 5.5262977e-01 -1.4047977e+02 4.1774969e+02
		endloop 
	endfacet 
	facet normal -6.6446036e-01 7.0710951e-01 2.4184391e-01
		outer loop
			vertex 1.6980333e+01 -1.4539691e+02 4.7562115e+02
			vertex 1.9166834e+01 -1.4307010e+02 4.7482532e+02
			vertex -1.3543754e+00 -1.4307010e+02 4.1844379e+02
		endloop 
	endfacet 
	facet normal -5.7952762e-01 7.8718233e-01 2.1093078e-01
		outer loop
			vertex 1.4546221e+01 -1.4742632e+02 4.7650711e+02
			vertex 1.6980333e+01 -1.4539691e+02 4.7562115e+02
			vertex -3.5408762e+00 -1.4539691e+02 4.1923959e+02
		endloop 
	endfacet 
	facet normal -4.8613814e-01 8.5578156e-01 1.7693980e-01
		outer loop
			vertex 1.1899991e+01 -1.4912868e+02 4.7747025e+02
			vertex 1.4546221e+01 -1.4742632e+02 4.7650711e+02
			vertex -5.9749885e+00 -1.4742632e+02 4.2012555e+02
		endloop 
	endfacet 
	facet normal -3.8566047e-01 9.1190058e-01 1.4036892e-01
		outer loop
			vertex 9.0802336e+00 -1.5047919e+02 4.7849655e+02
			vertex 1.1899991e+01 -1.4912868e+02 4.7747025e+02
			vertex -8.6212168e+00 -1.4912868e+02 4.2108868e+02
		endloop 
	endfacet 
	facet normal -2.7956203e-01 9.5472068e-01 1.0175224e-01
		outer loop
			vertex 6.1280661e+00 -1.5145816e+02 4.7957104e+02
			vertex 9.0802336e+00 -1.5047919e+02 4.7849655e+02
			vertex -1.1440974e+01 -1.5047919e+02 4.2211499e+02
		endloop 
	endfacet 
	facet normal -1.6938505e-01 9.8361969e-01 6.1651111e-02
		outer loop
			vertex 3.0865374e+00 -1.5205132e+02 4.8067807e+02
			vertex 6.1280661e+00 -1.5145816e+02 4.7957104e+02
			vertex -1.4393143e+01 -1.5145816e+02 4.2318948e+02
		endloop 
	endfacet 
	facet normal -5.6737624e-02 9.9817544e-01 2.0650804e-02
		outer loop
			vertex 2.4930946e-14 -1.5225000e+02 4.8180148e+02
			vertex 3.0865374e+00 -1.5205132e+02 4.8067807e+02
			vertex -1.7434671e+01 -1.5205132e+02 4.2429651e+02
		endloop 
	endfacet 
	facet normal 5.6737624e-02 9.9817544e-01 -2.0650802e-02
		outer loop
			vertex -3.0865374e+00 -1.5205132e+02 4.8292490e+02
			vertex 2.4930946e-14 -1.5225000e+02 4.8180148e+02
			vertex -2.0521208e+01 -1.5225000e+02 4.2541992e+02
		endloop 
	endfacet 
	facet normal 1.6938505e-01 9.8361969e-01 -6.1651111e-02
		outer loop
			vertex -6.1280661e+00 -1.5145816e+02 4.8403192e+02
			vertex -3.0865374e+00 -1.5205132e+02 4.8292490e+02
			vertex -2.3607746e+01 -1.5205132e+02 4.2654333e+02
		endloop 
	endfacet 
	facet normal 2.7956203e-01 9.5472068e-01 -1.0175225e-01
		outer loop
			vertex -9.0802336e+00 -1.5047919e+02 4.8510641e+02
			vertex -6.1280661e+00 -1.5145816e+02 4.8403192e+02
			vertex -2.6649275e+01 -1.5145816e+02 4.2765036e+02
		endloop 
	endfacet 
	facet normal 3.8566047e-01 9.1190058e-01 -1.4036892e-01
		outer loop
			vertex -1.1899991e+01 -1.4912868e+02 4.8613272e+02
			vertex -9.0802336e+00 -1.5047919e+02 4.8510641e+02
			vertex -2.9601442e+01 -1.5047919e+02 4.2872485e+02
		endloop 
	endfacet 
	facet normal 4.8613682e-01 8.5578233e-01 -1.7693932e-01
		outer loop
			vertex -1.4546221e+01 -1.4742632e+02 4.8709589e+02
			vertex -1.1899991e+01 -1.4912868e+02 4.8613272e+02
			vertex -3.2421200e+01 -1.4912868e+02 4.2975116e+02
		endloop 
	endfacet 
	facet normal 5.7952905e-01 7.8718114e-01 -2.1093127e-01
		outer loop
			vertex -1.6980333e+01 -1.4539691e+02 4.8798181e+02
			vertex -1.4546221e+01 -1.4742632e+02 4.8709589e+02
			vertex -3.5067429e+01 -1.4742632e+02 4.3071432e+02
		endloop 
	endfacet 
	facet normal 6.6446036e-01 7.0710951e-01 -2.4184388e-01
		outer loop
			vertex -1.9166834e+01 -1.4307010e+02 4.8877765e+02
			vertex -1.6980333e+01 -1.4539691e+02 4.8798181e+02
			vertex -3.7501541e+01 -1.4539691e+02 4.3160028e+02
		endloop 
	endfacet 
	facet normal 7.3971099e-01 6.1671823e-01 -2.6923275e-01
		outer loop
			vertex -2.1073839e+01 -1.4047977e+02 4.8947174e+02
			vertex -1.9166834e+01 -1.4307010e+02 4.8877765e+02
			vertex -3.9688042e+01 -1.4307010e+02 4.3239609e+02
		endloop 
	endfacet 
	facet normal 8.0417109e-01 5.1733822e-01 -2.9269430e-01
		outer loop
			vertex -2.2673540e+01 -1.3766371e+02 4.9005399e+02
			vertex -2.1073839e+01 -1.4047977e+02 4.8947174e+02
			vertex -4.1595047e+01 -1.4047977e+02 4.3309018e+02
		endloop 
	endfacet 
	facet normal 8.5690564e-01 4.1041261e-01 -3.1188813e-01
		outer loop
			vertex -2.3942610e+01 -1.3466298e+02 4.9051590e+02
			vertex -2.2673540e+01 -1.3766371e+02 4.9005399e+02
			vertex -4.3194748e+01 -1.3766371e+02 4.3367242e+02
		endloop 
	endfacet 
	facet normal 8.9714479e-01 2.9750082e-01 -3.2653400e-01
		outer loop
			vertex -2.4862541e+01 -1.3152135e+02 4.9085071e+02
			vertex -2.3942610e+01 -1.3466298e+02 4.9051590e+02
			vertex -4.4463818e+01 -1.3466298e+02 4.3413434e+02
		endloop 
	endfacet 
	facet normal 9.2430019e-01 1.8025620e-01 -3.3641773e-01
		outer loop
			vertex -2.5419922e+01 -1.2828462e+02 4.9105359e+02
			vertex -2.4862541e+01 -1.3152135e+02 4.9085071e+02
			vertex -4.5383751e+01 -1.3152135e+02 4.3446915e+02
		endloop 
	endfacet 
	facet normal 9.3797815e-01 6.0379930e-02 -3.4139615e-01
		outer loop
			vertex -2.5606625e+01 -1.2500000e+02 4.9112155e+02
			vertex -2.5419922e+01 -1.2828462e+02 4.9105359e+02
			vertex -4.5941132e+01 -1.2828462e+02 4.3467203e+02
		endloop 
	endfacet 
	facet normal 9.3797809e-01 -6.0379930e-02 -3.4139609e-01
		outer loop
			vertex -2.5419922e+01 -1.2171538e+02 4.9105359e+02
			vertex -2.5606625e+01 -1.2500000e+02 4.9112155e+02
			vertex -4.6127834e+01 -1.2500000e+02 4.3473999e+02
		endloop 
	endfacet 
	facet normal 9.2430025e-01 -1.8025580e-01 -3.3641779e-01
		outer loop
			vertex -2.4862541e+01 -1.1847865e+02 4.9085071e+02
			vertex -2.5419922e+01 -1.2171538e+02 4.9105359e+02
			vertex -4.5941132e+01 -1.2171538e+02 4.3467203e+02
		endloop 
	endfacet 
	facet normal 8.9714479e-01 -2.9750079e-01 -3.2653400e-01
		outer loop
			vertex -2.3942610e+01 -1.1533701e+02 4.9051590e+02
			vertex -2.4862541e+01 -1.1847865e+02 4.9085071e+02
			vertex -4.5383751e+01 -1.1847865e+02 4.3446915e+02
		endloop 
	endfacet 
	facet normal 8.5690486e-01 -4.1041431e-01 -3.1188780e-01
		outer loop
			vertex -2.2673540e+01 -1.1233630e+02 4.9005399e+02
			vertex -2.3942610e+01 -1.1533701e+02 4.9051590e+02
			vertex -4.4463818e+01 -1.1533701e+02 4.3413434e+02
		endloop 
	endfacet 
	facet normal 8.0417174e-01 -5.1733720e-01 -2.9269454e-01
		outer loop
			vertex -2.1073839e+01 -1.0952023e+02 4.8947174e+02
			vertex -2.2673540e+01 -1.1233630e+02 4.9005399e+02
			vertex -4.3194748e+01 -1.1233630e+02 4.3367242e+02
		endloop 
	endfacet 
	facet normal 7.3971015e-01 -6.1671937e-01 -2.6923245e-01
		outer loop
			vertex -1.9166834e+01 -1.0692991e+02 4.8877765e+02
			vertex -2.1073839e+01 -1.0952023e+02 4.8947174e+02
			vertex -4.1595047e+01 -1.0952023e+02 4.3309018e+02
		endloop 
	endfacet 
	facet normal 6.6446269e-01 -7.0710725e-01 -2.4184461e-01
		outer loop
			vertex -1.6980333e+01 -1.0460308e+02 4.8798181e+02
			vertex -1.9166834e+01 -1.0692991e+02 4.8877765e+02
			vertex -3.9688042e+01 -1.0692991e+02 4.3239609e+02
		endloop 
	endfacet 
	facet normal 5.7952625e-01 -7.8718334e-01 -2.1093041e-01
		outer loop
			vertex -1.4546221e+01 -1.0257369e+02 4.8709589e+02
			vertex -1.6980333e+01 -1.0460308e+02 4.8798181e+02
			vertex -3.7501541e+01 -1.0460308e+02 4.3160028e+02
		endloop 
	endfacet 
	facet normal 4.8613840e-01 -8.5578138e-01 -1.7693990e-01
		outer loop
			vertex -1.1899991e+01 -1.0087132e+02 4.8613272e+02
			vertex -1.4546221e+01 -1.0257369e+02 4.8709589e+02
			vertex -3.5067429e+01 -1.0257369e+02 4.3071432e+02
		endloop 
	endfacet 
	facet normal 3.8566232e-01 -9.1189975e-01 -1.4036958e-01
		outer loop
			vertex -9.0802336e+00 -9.9520805e+01 4.8510641e+02
			vertex -1.1899991e+01 -1.0087132e+02 4.8613272e+02
			vertex -3.2421200e+01 -1.0087132e+02 4.2975116e+02
		endloop 
	endfacet 
	facet normal 2.7956203e-01 -9.5472068e-01 -1.0175227e-01
		outer loop
			vertex -6.1280661e+00 -9.8541832e+01 4.8403192e+02
			vertex -9.0802336e+00 -9.9520805e+01 4.8510641e+02
			vertex -2.9601442e+01 -9.9520805e+01 4.2872485e+02
		endloop 
	endfacet 
	facet normal 1.6938294e-01 -9.8362017e-01 -6.1650347e-02
		outer loop
			vertex -3.0865374e+00 -9.7948685e+01 4.8292490e+02
			vertex -6.1280661e+00 -9.8541832e+01 4.8403192e+02
			vertex -2.6649275e+01 -9.8541832e+01 4.2765036e+02
		endloop 
	endfacet 
	facet normal 5.6737624e-02 -9.9817544e-01 -2.0650804e-02
		outer loop
			vertex 1.7951332e-14 -9.7750000e+01 4.8180148e+02
			vertex -3.0865374e+00 -9.7948685e+01 4.8292490e+02
			vertex -2.3607746e+01 -9.7948685e+01 4.2654333e+02
		endloop 
	endfacet 
	facet normal -5.6737624e-02 -9.9817544e-01 2.0650804e-02
		outer loop
			vertex 3.0865374e+00 -9.7948685e+01 4.8067807e+02
			vertex 1.7951332e-14 -9.7750000e+01 4.8180148e+02
			vertex -2.0521208e+01 -9.7750000e+01 4.2541992e+02
		endloop 
	endfacet 
	facet normal -1.6938294e-01 -9.8362017e-01 6.1650347e-02
		outer loop
			vertex 6.1280661e+00 -9.8541832e+01 4.7957104e+02
			vertex 3.0865374e+00 -9.7948685e+01 4.8067807e+02
			vertex -1.7434671e+01 -9.7948685e+01 4.2429651e+02
		endloop 
	endfacet 
	facet normal -2.7956203e-01 -9.5472068e-01 1.0175227e-01
		outer loop
			vertex 9.0802336e+00 -9.9520805e+01 4.7849655e+02
			vertex 6.1280661e+00 -9.8541832e+01 4.7957104e+02
			vertex -1.4393143e+01 -9.8541832e+01 4.2318948e+02
		endloop 
	endfacet 
	facet normal -3.8566232e-01 -9.1189975e-01 1.4036958e-01
		outer loop
			vertex 1.1899991e+01 -1.0087132e+02 4.7747025e+02
			vertex 9.0802336e+00 -9.9520805e+01 4.7849655e+02
			vertex -1.1440974e+01 -9.9520805e+01 4.2211499e+02
		endloop 
	endfacet 
	facet normal -4.8613971e-01 -8.5578048e-01 1.7694038e-01
		outer loop
			vertex 1.4546221e+01 -1.0257369e+02 4.7650711e+02
			vertex 1.1899991e+01 -1.0087132e+02 4.7747025e+02
			vertex -8.6212168e+00 -1.0087132e+02 4.2108868e+02
		endloop 
	endfacet 
	facet normal -5.7952487e-01 -7.8718460e-01 2.1092981e-01
		outer loop
			vertex 1.6980333e+01 -1.0460308e+02 4.7562115e+02
			vertex 1.4546221e+01 -1.0257369e+02 4.7650711e+02
			vertex -5.9749885e+00 -1.0257369e+02 4.2012555e+02
		endloop 
	endfacet 
	facet normal -6.6446263e-01 -7.0710719e-01 2.4184459e-01
		outer loop
			vertex 1.9166834e+01 -1.0692991e+02 4.7482532e+02
			vertex 1.6980333e+01 -1.0460308e+02 4.7562115e+02
			vertex -3.5408762e+00 -1.0460308e+02 4.1923959e+02
		endloop 
	endfacet 
	facet normal -7.3971015e-01 -6.1671937e-01 2.6923260e-01
		outer loop
			vertex 2.1073839e+01 -1.0952023e+02 4.7413123e+02
			vertex 1.9166834e+01 -1.0692991e+02 4.7482532e+02
			vertex -1.3543754e+00 -1.0692991e+02 4.1844379e+02
		endloop 
	endfacet 
	facet normal -8.0417168e-01 -5.1733720e-01 2.9269472e-01
		outer loop
			vertex 2.2673540e+01 -1.1233630e+02 4.7354898e+02
			vertex 2.1073839e+01 -1.0952023e+02 4.7413123e+02
			vertex 5.5262977e-01 -1.0952023e+02 4.1774969e+02
		endloop 
	endfacet 
	facet normal -8.5690594e-01 -4.1041175e-01 3.1188843e-01
		outer loop
			vertex 2.3942610e+01 -1.1533701e+02 4.7308710e+02
			vertex 2.2673540e+01 -1.1233630e+02 4.7354898e+02
			vertex 2.1523309e+00 -1.1233630e+02 4.1716745e+02
		endloop 
	endfacet 
	facet normal -8.9714402e-01 -2.9750368e-01 3.2653370e-01
		outer loop
			vertex 2.4862541e+01 -1.1847865e+02 4.7275226e+02
			vertex 2.3942610e+01 -1.1533701e+02 4.7308710e+02
			vertex 3.4214008e+00 -1.1533701e+02 4.1670554e+02
		endloop 
	endfacet 
	facet normal -9.2430079e-01 -1.8025273e-01 3.3641794e-01
		outer loop
			vertex 2.5419922e+01 -1.2171538e+02 4.7254941e+02
			vertex 2.4862541e+01 -1.1847865e+02 4.7275226e+02
			vertex 4.3413334e+00 -1.1847865e+02 4.1637070e+02
		endloop 
	endfacet 
	facet normal -9.3797809e-01 -6.0379922e-02 3.4139603e-01
		outer loop
			vertex 2.5606625e+01 -1.2500000e+02 4.7248145e+02
			vertex 2.5419922e+01 -1.2171538e+02 4.7254941e+02
			vertex 4.8987141e+00 -1.2171538e+02 4.1616785e+02
		endloop 
	endfacet 
	facet normal 3.4202158e-01 0.0000000e+00 9.3969202e-01
		outer loop
			vertex 3.0865374e+00 9.7948685e+01 4.8067807e+02
			vertex 2.4930946e-14 9.7750000e+01 4.8180148e+02
			vertex 1.7951332e-14 2.7250000e+01 4.8180148e+02
		endloop 
	endfacet 
	facet normal 3.4202161e-01 0.0000000e+00 9.3969214e-01
		outer loop
			vertex -3.0865374e+00 9.7948685e+01 4.8292490e+02
			vertex -3.0865374e+00 2.7051317e+01 4.8292490e+02
			vertex 1.7951332e-14 2.7250000e+01 4.8180148e+02
		endloop 
	endfacet 
	facet normal 3.4201992e-01 0.0000000e+00 9.3969268e-01
		outer loop
			vertex 3.0865374e+00 9.7948685e+01 4.8067807e+02
			vertex 3.0865374e+00 2.7051317e+01 4.8067807e+02
			vertex 6.1280661e+00 2.6458164e+01 4.7957104e+02
		endloop 
	endfacet 
	facet normal 3.4202158e-01 -3.3860691e-17 9.3969208e-01
		outer loop
			vertex 1.7951332e-14 2.7250000e+01 4.8180148e+02
			vertex 2.4930946e-14 9.7750000e+01 4.8180148e+02
			vertex -3.0865374e+00 9.7948685e+01 4.8292490e+02
		endloop 
	endfacet 
	facet normal 3.4201992e-01 9.7513350e-08 9.3969268e-01
		outer loop
			vertex 6.1280661e+00 9.8541832e+01 4.7957104e+02
			vertex 3.0865374e+00 9.7948685e+01 4.8067807e+02
			vertex 1.1899991e+01 2.4128677e+01 4.7747025e+02
		endloop 
	endfacet 
	facet normal 3.4202161e-01 0.0000000e+00 9.3969208e-01
		outer loop
			vertex 1.7951332e-14 2.7250000e+01 4.8180148e+02
			vertex 3.0865374e+00 2.7051317e+01 4.8067807e+02
			vertex 3.0865374e+00 9.7948685e+01 4.8067807e+02
		endloop 
	endfacet 
	facet normal 3.4201798e-01 1.5388251e-08 9.3969339e-01
		outer loop
			vertex 1.4546221e+01 2.2426310e+01 4.7650711e+02
			vertex 9.0802336e+00 9.9520805e+01 4.7849655e+02
			vertex 6.1280661e+00 9.8541832e+01 4.7957104e+02
		endloop 
	endfacet 
	facet normal 3.4202400e-01 -0.0000000e+00 9.3969125e-01
		outer loop
			vertex 1.6980333e+01 2.0396917e+01 4.7562115e+02
			vertex 1.6980333e+01 1.0460308e+02 4.7562115e+02
			vertex 1.4546221e+01 1.0257369e+02 4.7650711e+02
		endloop 
	endfacet 
	facet normal 3.4201792e-01 -9.4752387e-08 9.3969345e-01
		outer loop
			vertex -3.0865374e+00 -9.7948685e+01 4.8292490e+02
			vertex -6.1280661e+00 -2.6458164e+01 4.8403192e+02
			vertex -9.0802336e+00 -2.5479193e+01 4.8510641e+02
		endloop 
	endfacet 
	facet normal 3.4202158e-01 0.0000000e+00 9.3969202e-01
		outer loop
			vertex -3.0865374e+00 -9.7948685e+01 4.8292490e+02
			vertex 1.7951332e-14 -9.7750000e+01 4.8180148e+02
			vertex 2.4930946e-14 -2.7250000e+01 4.8180148e+02
		endloop 
	endfacet 
	facet normal 3.4202161e-01 -0.0000000e+00 9.3969214e-01
		outer loop
			vertex 3.0865374e+00 -9.7948685e+01 4.8067807e+02
			vertex 3.0865374e+00 -2.7051317e+01 4.8067807e+02
			vertex 2.4930946e-14 -2.7250000e+01 4.8180148e+02
		endloop 
	endfacet 
	facet normal 3.4201992e-01 0.0000000e+00 9.3969268e-01
		outer loop
			vertex -3.0865374e+00 9.7948685e+01 4.8292490e+02
			vertex -6.1280661e+00 2.6458164e+01 4.8403192e+02
			vertex -3.0865374e+00 2.7051317e+01 4.8292490e+02
		endloop 
	endfacet 
	facet normal 3.4201974e-01 -6.3929370e-08 9.3969280e-01
		outer loop
			vertex -3.0865374e+00 9.7948685e+01 4.8292490e+02
			vertex -1.1899991e+01 2.4128677e+01 4.8613272e+02
			vertex -9.0802336e+00 2.5479193e+01 4.8510641e+02
		endloop 
	endfacet 
	facet normal 3.4201959e-01 1.4751967e-07 9.3969280e-01
		outer loop
			vertex 1.4546221e+01 2.2426310e+01 4.7650711e+02
			vertex 1.1899991e+01 1.0087132e+02 4.7747025e+02
			vertex 9.0802336e+00 9.9520805e+01 4.7849655e+02
		endloop 
	endfacet 
	facet normal 3.4202632e-01 -0.0000000e+00 9.3969035e-01
		outer loop
			vertex 1.6980333e+01 2.0396917e+01 4.7562115e+02
			vertex 1.9166834e+01 1.0692991e+02 4.7482532e+02
			vertex 1.6980333e+01 1.0460308e+02 4.7562115e+02
		endloop 
	endfacet 
	facet normal 3.4201992e-01 -0.0000000e+00 9.3969268e-01
		outer loop
			vertex -3.0865374e+00 -9.7948685e+01 4.8292490e+02
			vertex -3.0865374e+00 -2.7051317e+01 4.8292490e+02
			vertex -6.1280661e+00 -2.6458164e+01 4.8403192e+02
		endloop 
	endfacet 
	facet normal 3.4202158e-01 -3.3860691e-17 9.3969208e-01
		outer loop
			vertex 2.4930946e-14 -2.7250000e+01 4.8180148e+02
			vertex 1.7951332e-14 -9.7750000e+01 4.8180148e+02
			vertex 3.0865374e+00 -9.7948685e+01 4.8067807e+02
		endloop 
	endfacet 
	facet normal 3.4201795e-01 7.1587714e-08 9.3969345e-01
		outer loop
			vertex -1.1899991e+01 2.4128677e+01 4.8613272e+02
			vertex -6.1280661e+00 9.8541832e+01 4.8403192e+02
			vertex -9.0802336e+00 9.9520805e+01 4.8510641e+02
		endloop 
	endfacet 
	facet normal 3.4201795e-01 9.6905872e-08 9.3969339e-01
		outer loop
			vertex -9.0802336e+00 2.5479193e+01 4.8510641e+02
			vertex -6.1280661e+00 2.6458164e+01 4.8403192e+02
			vertex -3.0865374e+00 9.7948685e+01 4.8292490e+02
		endloop 
	endfacet 
	facet normal 3.4202084e-01 0.0000000e+00 9.3969232e-01
		outer loop
			vertex 2.1073839e+01 1.0952023e+02 4.7413123e+02
			vertex 2.1073839e+01 1.5479764e+01 4.7413123e+02
			vertex 2.2673540e+01 1.2663707e+01 4.7354898e+02
		endloop 
	endfacet 
	facet normal 3.4202626e-01 -1.5674541e-07 9.3969047e-01
		outer loop
			vertex 2.1073839e+01 1.0952023e+02 4.7413123e+02
			vertex 1.6980333e+01 2.0396917e+01 4.7562115e+02
			vertex 1.9166834e+01 1.8070093e+01 4.7482532e+02
		endloop 
	endfacet 
	facet normal 3.4201559e-01 -2.8500787e-07 9.3969429e-01
		outer loop
			vertex 1.1899991e+01 2.4128677e+01 4.7747025e+02
			vertex 1.4546221e+01 2.2426310e+01 4.7650711e+02
			vertex 6.1280661e+00 9.8541832e+01 4.7957104e+02
		endloop 
	endfacet 
	facet normal 3.4201935e-01 2.0104632e-07 9.3969303e-01
		outer loop
			vertex 1.6980333e+01 2.0396917e+01 4.7562115e+02
			vertex 2.1073839e+01 1.0952023e+02 4.7413123e+02
			vertex 1.9166834e+01 1.0692991e+02 4.7482532e+02
		endloop 
	endfacet 
	facet normal 3.4202161e-01 0.0000000e+00 9.3969208e-01
		outer loop
			vertex 2.4930946e-14 -2.7250000e+01 4.8180148e+02
			vertex -3.0865374e+00 -2.7051317e+01 4.8292490e+02
			vertex -3.0865374e+00 -9.7948685e+01 4.8292490e+02
		endloop 
	endfacet 
	facet normal 3.4201792e-01 9.4752387e-08 9.3969345e-01
		outer loop
			vertex 3.0865374e+00 -9.7948685e+01 4.8067807e+02
			vertex 9.0802336e+00 -2.5479193e+01 4.7849655e+02
			vertex 6.1280661e+00 -2.6458164e+01 4.7957104e+02
		endloop 
	endfacet 
	facet normal 3.4202757e-01 1.3047332e-06 9.3968993e-01
		outer loop
			vertex -6.1280661e+00 -9.8541832e+01 4.8403192e+02
			vertex -1.6980333e+01 -2.0396917e+01 4.8798181e+02
			vertex -1.9166834e+01 -1.8070093e+01 4.8877765e+02
		endloop 
	endfacet 
	facet normal 3.4201992e-01 -1.0141389e-07 9.3969274e-01
		outer loop
			vertex -1.1899991e+01 2.4128677e+01 4.8613272e+02
			vertex -3.0865374e+00 9.7948685e+01 4.8292490e+02
			vertex -6.1280661e+00 9.8541832e+01 4.8403192e+02
		endloop 
	endfacet 
	facet normal 3.4201795e-01 -9.4752409e-08 9.3969345e-01
		outer loop
			vertex 6.1280661e+00 2.6458164e+01 4.7957104e+02
			vertex 9.0802336e+00 2.5479193e+01 4.7849655e+02
			vertex 3.0865374e+00 9.7948685e+01 4.8067807e+02
		endloop 
	endfacet 
	facet normal 3.4201953e-01 0.0000000e+00 9.3969280e-01
		outer loop
			vertex 1.9166834e+01 1.8070093e+01 4.7482532e+02
			vertex 2.1073839e+01 1.5479764e+01 4.7413123e+02
			vertex 2.1073839e+01 1.0952023e+02 4.7413123e+02
		endloop 
	endfacet 
	facet normal 3.4201589e-01 -2.7195966e-07 9.3969417e-01
		outer loop
			vertex 1.4546221e+01 1.0257369e+02 4.7650711e+02
			vertex 1.1899991e+01 1.0087132e+02 4.7747025e+02
			vertex 1.6980333e+01 2.0396917e+01 4.7562115e+02
		endloop 
	endfacet 
	facet normal 3.4201324e-01 4.6118356e-07 9.3969506e-01
		outer loop
			vertex -1.1899991e+01 1.0087132e+02 4.8613272e+02
			vertex -1.6980333e+01 2.0396917e+01 4.8798181e+02
			vertex -1.4546221e+01 2.2426310e+01 4.8709589e+02
		endloop 
	endfacet 
	facet normal 3.4201562e-01 2.8740294e-07 9.3969429e-01
		outer loop
			vertex 6.1280661e+00 -9.8541832e+01 4.7957104e+02
			vertex 1.4546221e+01 -2.2426310e+01 4.7650711e+02
			vertex 1.1899991e+01 -2.4128677e+01 4.7747025e+02
		endloop 
	endfacet 
	facet normal 3.4201992e-01 0.0000000e+00 9.3969268e-01
		outer loop
			vertex 6.1280661e+00 -2.6458164e+01 4.7957104e+02
			vertex 3.0865374e+00 -2.7051317e+01 4.8067807e+02
			vertex 3.0865374e+00 -9.7948685e+01 4.8067807e+02
		endloop 
	endfacet 
	facet normal 3.4201282e-01 -1.0017161e-06 9.3969536e-01
		outer loop
			vertex -6.1280661e+00 -9.8541832e+01 4.8403192e+02
			vertex -1.4546221e+01 -2.2426310e+01 4.8709589e+02
			vertex -1.6980333e+01 -2.0396917e+01 4.8798181e+02
		endloop 
	endfacet 
	facet normal 3.4201992e-01 9.7513350e-08 9.3969268e-01
		outer loop
			vertex -6.1280661e+00 -9.8541832e+01 4.8403192e+02
			vertex -3.0865374e+00 -9.7948685e+01 4.8292490e+02
			vertex -1.1899991e+01 -2.4128677e+01 4.8613272e+02
		endloop 
	endfacet 
	facet normal 3.4200332e-01 1.8120427e-07 9.3969876e-01
		outer loop
			vertex -2.5419922e+01 3.2846246e+00 4.9105359e+02
			vertex -2.3942610e+01 1.1533701e+02 4.9051590e+02
			vertex -2.4862541e+01 1.1847865e+02 4.9085071e+02
		endloop 
	endfacet 
	facet normal 3.4202084e-01 -2.4594922e-09 9.3969238e-01
		outer loop
			vertex -2.5419922e+01 3.2846246e+00 4.9105359e+02
			vertex -2.1073839e+01 1.0952023e+02 4.8947174e+02
			vertex -2.2673540e+01 1.1233630e+02 4.9005399e+02
		endloop 
	endfacet 
	facet normal 3.4201971e-01 6.6212550e-08 9.3969285e-01
		outer loop
			vertex 9.0802336e+00 2.5479193e+01 4.7849655e+02
			vertex 1.1899991e+01 2.4128677e+01 4.7747025e+02
			vertex 3.0865374e+00 9.7948685e+01 4.8067807e+02
		endloop 
	endfacet 
	facet normal 3.4202427e-01 3.2475882e-07 9.3969113e-01
		outer loop
			vertex 1.4546221e+01 2.2426310e+01 4.7650711e+02
			vertex 1.6980333e+01 2.0396917e+01 4.7562115e+02
			vertex 1.1899991e+01 1.0087132e+02 4.7747025e+02
		endloop 
	endfacet 
	facet normal 3.4202674e-01 -5.0776549e-07 9.3969017e-01
		outer loop
			vertex -1.1899991e+01 1.0087132e+02 4.8613272e+02
			vertex -1.9166834e+01 1.8070093e+01 4.8877765e+02
			vertex -1.6980333e+01 2.0396917e+01 4.8798181e+02
		endloop 
	endfacet 
	facet normal 3.4202093e-01 6.4724127e-08 9.3969232e-01
		outer loop
			vertex -1.1899991e+01 1.0087132e+02 4.8613272e+02
			vertex -2.2673540e+01 1.2663707e+01 4.9005399e+02
			vertex -2.1073839e+01 1.5479764e+01 4.8947174e+02
		endloop 
	endfacet 
	facet normal 3.4201586e-01 2.7297065e-07 9.3969417e-01
		outer loop
			vertex 1.6980333e+01 -2.0396917e+01 4.7562115e+02
			vertex 1.1899991e+01 -1.0087132e+02 4.7747025e+02
			vertex 1.4546221e+01 -1.0257369e+02 4.7650711e+02
		endloop 
	endfacet 
	facet normal 3.4201992e-01 -1.0141389e-07 9.3969274e-01
		outer loop
			vertex 1.1899991e+01 -2.4128677e+01 4.7747025e+02
			vertex 3.0865374e+00 -9.7948685e+01 4.8067807e+02
			vertex 6.1280661e+00 -9.8541832e+01 4.7957104e+02
		endloop 
	endfacet 
	facet normal 3.4201974e-01 -6.3929370e-08 9.3969280e-01
		outer loop
			vertex 3.0865374e+00 -9.7948685e+01 4.8067807e+02
			vertex 1.1899991e+01 -2.4128677e+01 4.7747025e+02
			vertex 9.0802336e+00 -2.5479193e+01 4.7849655e+02
		endloop 
	endfacet 
	facet normal 3.4202564e-01 5.9875373e-07 9.3969065e-01
		outer loop
			vertex -1.1899991e+01 -2.4128677e+01 4.8613272e+02
			vertex -1.4546221e+01 -2.2426310e+01 4.8709589e+02
			vertex -6.1280661e+00 -9.8541832e+01 4.8403192e+02
		endloop 
	endfacet 
	facet normal 3.4201956e-01 0.0000000e+00 9.3969285e-01
		outer loop
			vertex -2.1073839e+01 -1.5479764e+01 4.8947174e+02
			vertex -2.1073839e+01 -1.0952023e+02 4.8947174e+02
			vertex -1.9166834e+01 -1.0692991e+02 4.8877765e+02
		endloop 
	endfacet 
	facet normal 3.4201843e-01 1.0307451e-06 9.3969327e-01
		outer loop
			vertex -5.0000000e+01 -2.5000000e+02 5.0000000e+02
			vertex -6.1280661e+00 -1.5145816e+02 4.8403192e+02
			vertex -9.0802336e+00 -1.5047919e+02 4.8510641e+02
		endloop 
	endfacet 
	facet normal 3.4202024e-01 0.0000000e+00 9.3969262e-01
		outer loop
			vertex -5.0000000e+01 -2.5000000e+02 5.0000000e+02
			vertex 5.0000000e+01 -2.5000000e+02 4.6360297e+02
			vertex 2.4930946e-14 -1.5225000e+02 4.8180148e+02
		endloop 
	endfacet 
	facet normal 3.4201843e-01 -1.0307451e-06 9.3969327e-01
		outer loop
			vertex 5.0000000e+01 -2.5000000e+02 4.6360297e+02
			vertex 9.0802336e+00 -1.5047919e+02 4.7849655e+02
			vertex 6.1280661e+00 -1.5145816e+02 4.7957104e+02
		endloop 
	endfacet 
	facet normal 3.4202325e-01 1.0699550e-06 9.3969154e-01
		outer loop
			vertex 5.0000000e+01 -2.5000000e+02 4.6360297e+02
			vertex 1.6980333e+01 -1.4539691e+02 4.7562115e+02
			vertex 1.4546221e+01 -1.4742632e+02 4.7650711e+02
		endloop 
	endfacet 
	facet normal 3.4201953e-01 -1.0105276e-07 9.3969280e-01
		outer loop
			vertex 5.0000000e+01 -2.5000000e+02 4.6360297e+02
			vertex 2.1073839e+01 -1.4047977e+02 4.7413123e+02
			vertex 1.9166834e+01 -1.4307010e+02 4.7482532e+02
		endloop 
	endfacet 
	facet normal 3.4202665e-01 -1.6730174e-07 9.3969023e-01
		outer loop
			vertex -2.2673540e+01 1.1233630e+02 4.9005399e+02
			vertex -2.3942610e+01 1.1533701e+02 4.9051590e+02
			vertex -2.5419922e+01 3.2846246e+00 4.9105359e+02
		endloop 
	endfacet 
	facet normal 3.4202501e-01 -5.9902675e-07 9.3969077e-01
		outer loop
			vertex -2.5419922e+01 3.2846246e+00 4.9105359e+02
			vertex -1.1899991e+01 1.0087132e+02 4.8613272e+02
			vertex -1.4546221e+01 1.0257369e+02 4.8709589e+02
		endloop 
	endfacet 
	facet normal 3.4200650e-01 -2.6886687e-07 9.3969756e-01
		outer loop
			vertex 2.2673540e+01 1.2663707e+01 4.7354898e+02
			vertex 2.3942610e+01 9.6629829e+00 4.7308710e+02
			vertex 2.1073839e+01 1.0952023e+02 4.7413123e+02
		endloop 
	endfacet 
	facet normal 3.4201926e-01 2.4163299e-07 9.3969297e-01
		outer loop
			vertex -2.1073839e+01 1.5479764e+01 4.8947174e+02
			vertex -1.9166834e+01 1.8070093e+01 4.8877765e+02
			vertex -1.1899991e+01 1.0087132e+02 4.8613272e+02
		endloop 
	endfacet 
	facet normal 3.4210187e-01 -1.2473854e-05 9.3966287e-01
		outer loop
			vertex -1.1899991e+01 1.0087132e+02 4.8613272e+02
			vertex -2.5419922e+01 3.2846246e+00 4.9105359e+02
			vertex -2.4862541e+01 6.5213518e+00 4.9085071e+02
		endloop 
	endfacet 
	facet normal 3.4201971e-01 0.0000000e+00 9.3969285e-01
		outer loop
			vertex 1.6980333e+01 -2.0396917e+01 4.7562115e+02
			vertex 9.0802336e+00 -9.9520805e+01 4.7849655e+02
			vertex 1.1899991e+01 -1.0087132e+02 4.7747025e+02
		endloop 
	endfacet 
	facet normal 3.4202439e-01 -5.3293246e-07 9.3969101e-01
		outer loop
			vertex 9.0802336e+00 -9.9520805e+01 4.7849655e+02
			vertex 1.6980333e+01 -2.0396917e+01 4.7562115e+02
			vertex 1.4546221e+01 -2.2426310e+01 4.7650711e+02
		endloop 
	endfacet 
	facet normal 3.4201932e-01 -2.0216635e-07 9.3969291e-01
		outer loop
			vertex -1.9166834e+01 -1.8070093e+01 4.8877765e+02
			vertex -2.1073839e+01 -1.5479764e+01 4.8947174e+02
			vertex -6.1280661e+00 -9.8541832e+01 4.8403192e+02
		endloop 
	endfacet 
	facet normal 3.4201983e-01 -1.8406541e-07 9.3969280e-01
		outer loop
			vertex -2.1073839e+01 -1.5479764e+01 4.8947174e+02
			vertex -1.1899991e+01 -1.0087132e+02 4.8613272e+02
			vertex -9.0802336e+00 -9.9520805e+01 4.8510641e+02
		endloop 
	endfacet 
	facet normal 3.4201393e-01 -4.7743686e-07 9.3969494e-01
		outer loop
			vertex -2.1073839e+01 -1.5479764e+01 4.8947174e+02
			vertex -1.6980333e+01 -1.0460308e+02 4.8798181e+02
			vertex -1.4546221e+01 -1.0257369e+02 4.8709589e+02
		endloop 
	endfacet 
	facet normal 3.4202084e-01 0.0000000e+00 9.3969232e-01
		outer loop
			vertex -2.1073839e+01 -1.5479764e+01 4.8947174e+02
			vertex -2.2673540e+01 -1.1233630e+02 4.9005399e+02
			vertex -2.1073839e+01 -1.0952023e+02 4.8947174e+02
		endloop 
	endfacet 
	facet normal 3.4202015e-01 1.7607343e-07 9.3969262e-01
		outer loop
			vertex -5.0000000e+01 -2.5000000e+02 5.0000000e+02
			vertex -3.0865374e+00 -1.5205132e+02 4.8292490e+02
			vertex -6.1280661e+00 -1.5145816e+02 4.8403192e+02
		endloop 
	endfacet 
	facet normal 3.4202152e-01 7.3615314e-07 9.3969214e-01
		outer loop
			vertex 5.0000000e+01 -2.5000000e+02 4.6360297e+02
			vertex 3.0865374e+00 -1.5205132e+02 4.8067807e+02
			vertex 2.4930946e-14 -1.5225000e+02 4.8180148e+02
		endloop 
	endfacet 
	facet normal 3.4202000e-01 -1.7075473e-07 9.3969268e-01
		outer loop
			vertex 5.0000000e+01 -2.5000000e+02 4.6360297e+02
			vertex 1.1899991e+01 -1.4912868e+02 4.7747025e+02
			vertex 9.0802336e+00 -1.5047919e+02 4.7849655e+02
		endloop 
	endfacet 
	facet normal 3.4202489e-01 1.5720789e-06 9.3969095e-01
		outer loop
			vertex 1.9166834e+01 -1.4307010e+02 4.7482532e+02
			vertex 1.6980333e+01 -1.4539691e+02 4.7562115e+02
			vertex 5.0000000e+01 -2.5000000e+02 4.6360297e+02
		endloop 
	endfacet 
	facet normal 3.4201965e-01 5.4477965e-08 9.3969280e-01
		outer loop
			vertex -2.5419922e+01 3.2846246e+00 4.9105359e+02
			vertex -1.9166834e+01 1.0692991e+02 4.8877765e+02
			vertex -2.1073839e+01 1.0952023e+02 4.8947174e+02
		endloop 
	endfacet 
	facet normal 3.4201413e-01 7.3732321e-07 9.3969482e-01
		outer loop
			vertex -1.4546221e+01 1.0257369e+02 4.8709589e+02
			vertex -1.6980333e+01 1.0460308e+02 4.8798181e+02
			vertex -2.5419922e+01 3.2846246e+00 4.9105359e+02
		endloop 
	endfacet 
	facet normal 3.4202525e-01 0.0000000e+00 9.3969071e-01
		outer loop
			vertex -1.4546221e+01 2.2426310e+01 4.8709589e+02
			vertex -1.1899991e+01 2.4128677e+01 4.8613272e+02
			vertex -1.1899991e+01 1.0087132e+02 4.8613272e+02
		endloop 
	endfacet 
	facet normal 3.4198710e-01 5.1838460e-06 9.3970466e-01
		outer loop
			vertex -2.4862541e+01 6.5213518e+00 4.9085071e+02
			vertex -2.3942610e+01 9.6629829e+00 4.9051590e+02
			vertex -1.1899991e+01 1.0087132e+02 4.8613272e+02
		endloop 
	endfacet 
	facet normal 3.4202936e-01 -1.1312680e-06 9.3968928e-01
		outer loop
			vertex -2.3942610e+01 9.6629829e+00 4.9051590e+02
			vertex -2.2673540e+01 1.2663707e+01 4.9005399e+02
			vertex -1.1899991e+01 1.0087132e+02 4.8613272e+02
		endloop 
	endfacet 
	facet normal 3.4201798e-01 -1.9235314e-08 9.3969339e-01
		outer loop
			vertex 6.1280661e+00 -9.8541832e+01 4.7957104e+02
			vertex 9.0802336e+00 -9.9520805e+01 4.7849655e+02
			vertex 1.4546221e+01 -2.2426310e+01 4.7650711e+02
		endloop 
	endfacet 
	facet normal 3.4201935e-01 2.0104632e-07 9.3969303e-01
		outer loop
			vertex 1.6980333e+01 -1.0460308e+02 4.7562115e+02
			vertex 2.1073839e+01 -1.5479764e+01 4.7413123e+02
			vertex 1.9166834e+01 -1.8070093e+01 4.7482532e+02
		endloop 
	endfacet 
	facet normal 3.4201813e-01 -4.4489980e-07 9.3969339e-01
		outer loop
			vertex -9.0802336e+00 -9.9520805e+01 4.8510641e+02
			vertex -6.1280661e+00 -9.8541832e+01 4.8403192e+02
			vertex -2.1073839e+01 -1.5479764e+01 4.8947174e+02
		endloop 
	endfacet 
	facet normal 3.4202617e-01 1.5619734e-07 9.3969047e-01
		outer loop
			vertex -1.9166834e+01 -1.0692991e+02 4.8877765e+02
			vertex -1.6980333e+01 -1.0460308e+02 4.8798181e+02
			vertex -2.1073839e+01 -1.5479764e+01 4.8947174e+02
		endloop 
	endfacet 
	facet normal 3.4204131e-01 -9.4286912e-07 9.3968487e-01
		outer loop
			vertex -2.1073839e+01 -1.5479764e+01 4.8947174e+02
			vertex -2.5419922e+01 -1.2171538e+02 4.9105359e+02
			vertex -2.4862541e+01 -1.1847865e+02 4.9085071e+02
		endloop 
	endfacet 
	facet normal 3.4202486e-01 -1.5016865e-06 9.3969083e-01
		outer loop
			vertex -5.0000000e+01 -2.5000000e+02 5.0000000e+02
			vertex -1.6980333e+01 -1.4539691e+02 4.8798181e+02
			vertex -1.9166834e+01 -1.4307010e+02 4.8877765e+02
		endloop 
	endfacet 
	facet normal 3.4202456e-01 -1.8150683e-06 9.3969095e-01
		outer loop
			vertex -5.0000000e+01 -2.5000000e+02 5.0000000e+02
			vertex -1.1899991e+01 -1.4912868e+02 4.8613272e+02
			vertex -1.4546221e+01 -1.4742632e+02 4.8709589e+02
		endloop 
	endfacet 
	facet normal 3.4202155e-01 -7.5915744e-07 9.3969208e-01
		outer loop
			vertex 2.4930946e-14 -1.5225000e+02 4.8180148e+02
			vertex -3.0865374e+00 -1.5205132e+02 4.8292490e+02
			vertex -5.0000000e+01 -2.5000000e+02 5.0000000e+02
		endloop 
	endfacet 
	facet normal 3.4201667e-01 -1.5881892e-06 9.3969393e-01
		outer loop
			vertex 1.4546221e+01 -1.4742632e+02 4.7650711e+02
			vertex 1.1899991e+01 -1.4912868e+02 4.7747025e+02
			vertex 5.0000000e+01 -2.5000000e+02 4.6360297e+02
		endloop 
	endfacet 
	facet normal 3.4200692e-01 -3.2101304e-06 9.3969744e-01
		outer loop
			vertex 5.0000000e+01 -2.5000000e+02 4.6360297e+02
			vertex 2.5419922e+01 -1.2828462e+02 4.7254941e+02
			vertex 2.4862541e+01 -1.3152135e+02 4.7275226e+02
		endloop 
	endfacet 
	facet normal 3.4202597e-01 -3.7901921e-07 9.3969047e-01
		outer loop
			vertex -1.6980333e+01 1.0460308e+02 4.8798181e+02
			vertex -1.9166834e+01 1.0692991e+02 4.8877765e+02
			vertex -2.5419922e+01 3.2846246e+00 4.9105359e+02
		endloop 
	endfacet 
	facet normal 3.4203371e-01 -1.5831292e-06 9.3968761e-01
		outer loop
			vertex -5.0000000e+01 -2.5000000e+02 5.0000000e+02
			vertex -2.5419922e+01 -3.2846246e+00 4.9105359e+02
			vertex -2.5606625e+01 -3.3371624e-15 4.9112155e+02
		endloop 
	endfacet 
	facet normal 3.4200701e-01 -0.0000000e+00 9.3969733e-01
		outer loop
			vertex 2.3942610e+01 9.6629829e+00 4.7308710e+02
			vertex 2.3942610e+01 1.1533701e+02 4.7308710e+02
			vertex 2.2673540e+01 1.1233630e+02 4.7354898e+02
		endloop 
	endfacet 
	facet normal 3.4198892e-01 3.9623242e-07 9.3970400e-01
		outer loop
			vertex 2.3942610e+01 9.6629829e+00 4.7308710e+02
			vertex 2.5419922e+01 1.2171538e+02 4.7254941e+02
			vertex 2.4862541e+01 1.1847865e+02 4.7275226e+02
		endloop 
	endfacet 
	facet normal 3.4202626e-01 -1.5674541e-07 9.3969047e-01
		outer loop
			vertex 2.1073839e+01 -1.5479764e+01 4.7413123e+02
			vertex 1.6980333e+01 -1.0460308e+02 4.7562115e+02
			vertex 1.9166834e+01 -1.0692991e+02 4.7482532e+02
		endloop 
	endfacet 
	facet normal 3.4202632e-01 0.0000000e+00 9.3969035e-01
		outer loop
			vertex 1.9166834e+01 -1.8070093e+01 4.7482532e+02
			vertex 1.6980333e+01 -2.0396917e+01 4.7562115e+02
			vertex 1.6980333e+01 -1.0460308e+02 4.7562115e+02
		endloop 
	endfacet 
	facet normal 3.4202504e-01 4.6183638e-07 9.3969083e-01
		outer loop
			vertex -1.4546221e+01 -1.0257369e+02 4.8709589e+02
			vertex -1.1899991e+01 -1.0087132e+02 4.8613272e+02
			vertex -2.1073839e+01 -1.5479764e+01 4.8947174e+02
		endloop 
	endfacet 
	facet normal 3.4200048e-01 7.5041913e-07 9.3969977e-01
		outer loop
			vertex -2.4862541e+01 -1.1847865e+02 4.9085071e+02
			vertex -2.3942610e+01 -1.1533701e+02 4.9051590e+02
			vertex -2.1073839e+01 -1.5479764e+01 4.8947174e+02
		endloop 
	endfacet 
	facet normal 3.4201029e-01 2.4410738e-06 9.3969625e-01
		outer loop
			vertex -5.0000000e+01 -2.5000000e+02 5.0000000e+02
			vertex -2.3942610e+01 -1.3466298e+02 4.9051590e+02
			vertex -2.4862541e+01 -1.3152135e+02 4.9085071e+02
		endloop 
	endfacet 
	facet normal 3.4202072e-01 -1.1173321e-07 9.3969244e-01
		outer loop
			vertex -5.0000000e+01 -2.5000000e+02 5.0000000e+02
			vertex -2.1073839e+01 -1.4047977e+02 4.8947174e+02
			vertex -2.2673540e+01 -1.3766371e+02 4.9005399e+02
		endloop 
	endfacet 
	facet normal 3.4201500e-01 1.9392999e-06 9.3969446e-01
		outer loop
			vertex -1.4546221e+01 -1.4742632e+02 4.8709589e+02
			vertex -1.6980333e+01 -1.4539691e+02 4.8798181e+02
			vertex -5.0000000e+01 -2.5000000e+02 5.0000000e+02
		endloop 
	endfacet 
	facet normal 3.4201995e-01 -9.9041316e-08 9.3969268e-01
		outer loop
			vertex 6.1280661e+00 -1.5145816e+02 4.7957104e+02
			vertex 3.0865374e+00 -1.5205132e+02 4.8067807e+02
			vertex 5.0000000e+01 -2.5000000e+02 4.6360297e+02
		endloop 
	endfacet 
	facet normal 3.4202608e-01 1.3826308e-06 9.3969053e-01
		outer loop
			vertex 2.4862541e+01 -1.3152135e+02 4.7275226e+02
			vertex 2.3942610e+01 -1.3466298e+02 4.7308710e+02
			vertex 5.0000000e+01 -2.5000000e+02 4.6360297e+02
		endloop 
	endfacet 
	facet normal 3.4201694e-01 1.4693454e-06 9.3969375e-01
		outer loop
			vertex 5.0000000e+01 2.5000000e+02 4.6360297e+02
			vertex 1.1899991e+01 1.4912868e+02 4.7747025e+02
			vertex 1.4546221e+01 1.4742632e+02 4.7650711e+02
		endloop 
	endfacet 
	facet normal 3.4201953e-01 -1.0105276e-07 9.3969280e-01
		outer loop
			vertex -5.0000000e+01 2.5000000e+02 5.0000000e+02
			vertex -2.1073839e+01 1.4047977e+02 4.8947174e+02
			vertex -1.9166834e+01 1.4307010e+02 4.8877765e+02
		endloop 
	endfacet 
	facet normal 3.4202754e-01 1.6536904e-06 9.3968993e-01
		outer loop
			vertex -5.0000000e+01 2.5000000e+02 5.0000000e+02
			vertex -2.5419922e+01 1.2828462e+02 4.9105359e+02
			vertex -2.4862541e+01 1.3152135e+02 4.9085071e+02
		endloop 
	endfacet 
	facet normal 3.4201968e-01 0.0000000e+00 9.3969280e-01
		outer loop
			vertex -9.0802336e+00 9.9520805e+01 4.8510641e+02
			vertex -1.1899991e+01 1.0087132e+02 4.8613272e+02
			vertex -1.1899991e+01 2.4128677e+01 4.8613272e+02
		endloop 
	endfacet 
	facet normal 3.4201911e-01 6.6812518e-08 9.3969303e-01
		outer loop
			vertex -2.5606625e+01 -3.3371624e-15 4.9112155e+02
			vertex -2.5419922e+01 1.2171538e+02 4.9105359e+02
			vertex -5.0000000e+01 -2.5000000e+02 5.0000000e+02
		endloop 
	endfacet 
	facet normal 3.4205759e-01 0.0000000e+00 9.3967909e-01
		outer loop
			vertex -2.5606625e+01 -3.3371624e-15 4.9112155e+02
			vertex -2.5419922e+01 3.2846246e+00 4.9105359e+02
			vertex -2.5419922e+01 1.2171538e+02 4.9105359e+02
		endloop 
	endfacet 
	facet normal 3.4203023e-01 0.0000000e+00 9.3968886e-01
		outer loop
			vertex 2.4862541e+01 1.1847865e+02 4.7275226e+02
			vertex 2.3942610e+01 1.1533701e+02 4.7308710e+02
			vertex 2.3942610e+01 9.6629829e+00 4.7308710e+02
		endloop 
	endfacet 
	facet normal 3.4200564e-01 3.5350986e-06 9.3969792e-01
		outer loop
			vertex 5.0000000e+01 2.5000000e+02 4.6360297e+02
			vertex 2.5606625e+01 1.2500000e+02 4.7248145e+02
			vertex 2.5419922e+01 1.2171538e+02 4.7254941e+02
		endloop 
	endfacet 
	facet normal 3.4200329e-01 1.8120427e-07 9.3969876e-01
		outer loop
			vertex -2.5419922e+01 -1.2171538e+02 4.9105359e+02
			vertex -2.3942610e+01 -9.6629829e+00 4.9051590e+02
			vertex -2.4862541e+01 -6.5213518e+00 4.9085071e+02
		endloop 
	endfacet 
	facet normal 3.4202084e-01 -2.4594922e-09 9.3969238e-01
		outer loop
			vertex -2.5419922e+01 -1.2171538e+02 4.9105359e+02
			vertex -2.1073839e+01 -1.5479764e+01 4.8947174e+02
			vertex -2.2673540e+01 -1.2663707e+01 4.9005399e+02
		endloop 
	endfacet 
	facet normal 3.4202406e-01 0.0000000e+00 9.3969125e-01
		outer loop
			vertex 1.4546221e+01 -1.0257369e+02 4.7650711e+02
			vertex 1.6980333e+01 -1.0460308e+02 4.7562115e+02
			vertex 1.6980333e+01 -2.0396917e+01 4.7562115e+02
		endloop 
	endfacet 
	facet normal 3.4202725e-01 -1.1949543e-07 9.3969005e-01
		outer loop
			vertex -2.3942610e+01 -1.1533701e+02 4.9051590e+02
			vertex -2.2673540e+01 -1.1233630e+02 4.9005399e+02
			vertex -2.1073839e+01 -1.5479764e+01 4.8947174e+02
		endloop 
	endfacet 
	facet normal 3.4198356e-01 1.4589986e-06 9.3970591e-01
		outer loop
			vertex 2.1073839e+01 -1.0952023e+02 4.7413123e+02
			vertex 2.5419922e+01 -3.2846246e+00 4.7254941e+02
			vertex 2.4862541e+01 -6.5213518e+00 4.7275226e+02
		endloop 
	endfacet 
	facet normal 3.4202445e-01 -1.2131725e-06 9.3969107e-01
		outer loop
			vertex -2.2673540e+01 -1.3766371e+02 4.9005399e+02
			vertex -2.3942610e+01 -1.3466298e+02 4.9051590e+02
			vertex -5.0000000e+01 -2.5000000e+02 5.0000000e+02
		endloop 
	endfacet 
	facet normal 3.4201980e-01 2.5613204e-07 9.3969274e-01
		outer loop
			vertex -9.0802336e+00 -1.5047919e+02 4.8510641e+02
			vertex -1.1899991e+01 -1.4912868e+02 4.8613272e+02
			vertex -5.0000000e+01 -2.5000000e+02 5.0000000e+02
		endloop 
	endfacet 
	facet normal 3.4201178e-01 -2.2747095e-06 9.3969560e-01
		outer loop
			vertex 2.3942610e+01 -1.3466298e+02 4.7308710e+02
			vertex 2.2673540e+01 -1.3766371e+02 4.7354898e+02
			vertex 5.0000000e+01 -2.5000000e+02 4.6360297e+02
		endloop 
	endfacet 
	facet normal 3.4202000e-01 1.7075473e-07 9.3969268e-01
		outer loop
			vertex 5.0000000e+01 2.5000000e+02 4.6360297e+02
			vertex 9.0802336e+00 1.5047919e+02 4.7849655e+02
			vertex 1.1899991e+01 1.4912868e+02 4.7747025e+02
		endloop 
	endfacet 
	facet normal 3.4202015e-01 1.7607343e-07 9.3969262e-01
		outer loop
			vertex 5.0000000e+01 2.5000000e+02 4.6360297e+02
			vertex 3.0865374e+00 1.5205132e+02 4.8067807e+02
			vertex 6.1280661e+00 1.5145816e+02 4.7957104e+02
		endloop 
	endfacet 
	facet normal 3.4202152e-01 7.3615314e-07 9.3969214e-01
		outer loop
			vertex -5.0000000e+01 2.5000000e+02 5.0000000e+02
			vertex -3.0865374e+00 1.5205132e+02 4.8292490e+02
			vertex 1.7951332e-14 1.5225000e+02 4.8180148e+02
		endloop 
	endfacet 
	facet normal 3.4202072e-01 1.1173321e-07 9.3969244e-01
		outer loop
			vertex -5.0000000e+01 2.5000000e+02 5.0000000e+02
			vertex -2.2673540e+01 1.3766371e+02 4.9005399e+02
			vertex -2.1073839e+01 1.4047977e+02 4.8947174e+02
		endloop 
	endfacet 
	facet normal 3.4201011e-01 -2.4506089e-06 9.3969631e-01
		outer loop
			vertex -2.4862541e+01 1.3152135e+02 4.9085071e+02
			vertex -2.3942610e+01 1.3466298e+02 4.9051590e+02
			vertex -5.0000000e+01 2.5000000e+02 5.0000000e+02
		endloop 
	endfacet 
	facet normal 3.4201995e-01 0.0000000e+00 9.3969268e-01
		outer loop
			vertex -5.0000000e+01 2.5000000e+02 5.0000000e+02
			vertex -5.0000000e+01 -2.5000000e+02 5.0000000e+02
			vertex -2.5419922e+01 1.2171538e+02 4.9105359e+02
		endloop 
	endfacet 
	facet normal 3.4202138e-01 -8.9100972e-08 9.3969208e-01
		outer loop
			vertex 2.5419922e+01 1.2171538e+02 4.7254941e+02
			vertex 2.3942610e+01 9.6629829e+00 4.7308710e+02
			vertex 5.0000000e+01 2.5000000e+02 4.6360297e+02
		endloop 
	endfacet 
	facet normal 3.4202668e-01 -1.6730172e-07 9.3969029e-01
		outer loop
			vertex -2.2673540e+01 -1.2663707e+01 4.9005399e+02
			vertex -2.3942610e+01 -9.6629829e+00 4.9051590e+02
			vertex -2.5419922e+01 -1.2171538e+02 4.9105359e+02
		endloop 
	endfacet 
	facet normal 3.4201971e-01 6.6212550e-08 9.3969285e-01
		outer loop
			vertex -9.0802336e+00 -2.5479193e+01 4.8510641e+02
			vertex -1.1899991e+01 -2.4128677e+01 4.8613272e+02
			vertex -3.0865374e+00 -9.7948685e+01 4.8292490e+02
		endloop 
	endfacet 
	facet normal 3.4200650e-01 2.6839271e-07 9.3969762e-01
		outer loop
			vertex 2.1073839e+01 -1.0952023e+02 4.7413123e+02
			vertex 2.3942610e+01 -9.6629829e+00 4.7308710e+02
			vertex 2.2673540e+01 -1.2663707e+01 4.7354898e+02
		endloop 
	endfacet 
	facet normal 3.4216756e-01 -7.0924907e-06 9.3963897e-01
		outer loop
			vertex 2.1073839e+01 -1.0952023e+02 4.7413123e+02
			vertex 2.5606625e+01 -5.2696547e-31 4.7248145e+02
			vertex 2.5419922e+01 -3.2846246e+00 4.7254941e+02
		endloop 
	endfacet 
	facet normal 3.4203193e-01 -5.5976523e-07 9.3968827e-01
		outer loop
			vertex 2.4862541e+01 -6.5213518e+00 4.7275226e+02
			vertex 2.3942610e+01 -9.6629829e+00 4.7308710e+02
			vertex 2.1073839e+01 -1.0952023e+02 4.7413123e+02
		endloop 
	endfacet 
	facet normal 3.4200385e-01 3.5351011e-06 9.3969858e-01
		outer loop
			vertex -5.0000000e+01 -2.5000000e+02 5.0000000e+02
			vertex -2.5606625e+01 -1.2500000e+02 4.9112155e+02
			vertex -2.5419922e+01 -1.2171538e+02 4.9105359e+02
		endloop 
	endfacet 
	facet normal 3.4201971e-01 1.2000011e-07 9.3969280e-01
		outer loop
			vertex -1.9166834e+01 -1.4307010e+02 4.8877765e+02
			vertex -2.1073839e+01 -1.4047977e+02 4.8947174e+02
			vertex -5.0000000e+01 -2.5000000e+02 5.0000000e+02
		endloop 
	endfacet 
	facet normal 3.4202826e-01 1.9402430e-06 9.3968964e-01
		outer loop
			vertex 5.0000000e+01 -2.5000000e+02 4.6360297e+02
			vertex 2.5606625e+01 -1.2500000e+02 4.7248145e+02
			vertex 2.5419922e+01 -1.2828462e+02 4.7254941e+02
		endloop 
	endfacet 
	facet normal 3.4202486e-01 -1.5016865e-06 9.3969083e-01
		outer loop
			vertex 5.0000000e+01 2.5000000e+02 4.6360297e+02
			vertex 1.6980333e+01 1.4539691e+02 4.7562115e+02
			vertex 1.9166834e+01 1.4307010e+02 4.7482532e+02
		endloop 
	endfacet 
	facet normal 3.4201825e-01 9.5558630e-07 9.3969327e-01
		outer loop
			vertex 6.1280661e+00 1.5145816e+02 4.7957104e+02
			vertex 9.0802336e+00 1.5047919e+02 4.7849655e+02
			vertex 5.0000000e+01 2.5000000e+02 4.6360297e+02
		endloop 
	endfacet 
	facet normal 3.4202024e-01 0.0000000e+00 9.3969262e-01
		outer loop
			vertex 1.7951332e-14 1.5225000e+02 4.8180148e+02
			vertex 5.0000000e+01 2.5000000e+02 4.6360297e+02
			vertex -5.0000000e+01 2.5000000e+02 5.0000000e+02
		endloop 
	endfacet 
	facet normal 3.4203371e-01 -1.5831292e-06 9.3968761e-01
		outer loop
			vertex 5.0000000e+01 2.5000000e+02 4.6360297e+02
			vertex 2.5419922e+01 3.2846246e+00 4.7254941e+02
			vertex 2.5606625e+01 -5.2696547e-31 4.7248145e+02
		endloop 
	endfacet 
	facet normal 3.4202445e-01 1.2171631e-06 9.3969101e-01
		outer loop
			vertex -2.3942610e+01 1.3466298e+02 4.9051590e+02
			vertex -2.2673540e+01 1.3766371e+02 4.9005399e+02
			vertex -5.0000000e+01 2.5000000e+02 5.0000000e+02
		endloop 
	endfacet 
	facet normal 3.4200412e-01 -3.4404090e-06 9.3969840e-01
		outer loop
			vertex -2.5419922e+01 1.2171538e+02 4.9105359e+02
			vertex -2.5606625e+01 1.2500000e+02 4.9112155e+02
			vertex -5.0000000e+01 2.5000000e+02 5.0000000e+02
		endloop 
	endfacet 
	facet normal 3.4202731e-01 -8.5191618e-07 9.3969005e-01
		outer loop
			vertex 5.0000000e+01 2.5000000e+02 4.6360297e+02
			vertex 2.3942610e+01 9.6629829e+00 4.7308710e+02
			vertex 2.4862541e+01 6.5213518e+00 4.7275226e+02
		endloop 
	endfacet 
	facet normal 3.4202057e-01 1.8923622e-07 9.3969244e-01
		outer loop
			vertex 2.2673540e+01 1.1233630e+02 4.7354898e+02
			vertex 2.1073839e+01 1.0952023e+02 4.7413123e+02
			vertex 2.3942610e+01 9.6629829e+00 4.7308710e+02
		endloop 
	endfacet 
	facet normal 3.4201956e-01 0.0000000e+00 9.3969285e-01
		outer loop
			vertex 1.9166834e+01 -1.0692991e+02 4.7482532e+02
			vertex 2.1073839e+01 -1.0952023e+02 4.7413123e+02
			vertex 2.1073839e+01 -1.5479764e+01 4.7413123e+02
		endloop 
	endfacet 
	facet normal 3.4202087e-01 0.0000000e+00 9.3969244e-01
		outer loop
			vertex 2.2673540e+01 -1.2663707e+01 4.7354898e+02
			vertex 2.1073839e+01 -1.5479764e+01 4.7413123e+02
			vertex 2.1073839e+01 -1.0952023e+02 4.7413123e+02
		endloop 
	endfacet 
	facet normal 3.4202826e-01 -1.9402430e-06 9.3968964e-01
		outer loop
			vertex -5.0000000e+01 -2.5000000e+02 5.0000000e+02
			vertex -2.5419922e+01 -1.2828462e+02 4.9105359e+02
			vertex -2.5606625e+01 -1.2500000e+02 4.9112155e+02
		endloop 
	endfacet 
	facet normal 3.4202060e-01 1.5712480e-07 9.3969250e-01
		outer loop
			vertex 2.2673540e+01 -1.3766371e+02 4.7354898e+02
			vertex 2.1073839e+01 -1.4047977e+02 4.7413123e+02
			vertex 5.0000000e+01 -2.5000000e+02 4.6360297e+02
		endloop 
	endfacet 
	facet normal 3.4202072e-01 -1.1173321e-07 9.3969244e-01
		outer loop
			vertex 5.0000000e+01 2.5000000e+02 4.6360297e+02
			vertex 2.1073839e+01 1.4047977e+02 4.7413123e+02
			vertex 2.2673540e+01 1.3766371e+02 4.7354898e+02
		endloop 
	endfacet 
	facet normal 3.4202328e-01 -1.0086555e-06 9.3969142e-01
		outer loop
			vertex 1.4546221e+01 1.4742632e+02 4.7650711e+02
			vertex 1.6980333e+01 1.4539691e+02 4.7562115e+02
			vertex 5.0000000e+01 2.5000000e+02 4.6360297e+02
		endloop 
	endfacet 
	facet normal 3.4202015e-01 -1.7607343e-07 9.3969262e-01
		outer loop
			vertex -5.0000000e+01 2.5000000e+02 5.0000000e+02
			vertex -6.1280661e+00 1.5145816e+02 4.8403192e+02
			vertex -3.0865374e+00 1.5205132e+02 4.8292490e+02
		endloop 
	endfacet 
	facet normal 3.4202000e-01 -1.7075473e-07 9.3969268e-01
		outer loop
			vertex -5.0000000e+01 2.5000000e+02 5.0000000e+02
			vertex -1.1899991e+01 1.4912868e+02 4.8613272e+02
			vertex -9.0802336e+00 1.5047919e+02 4.8510641e+02
		endloop 
	endfacet 
	facet normal 3.4202296e-01 -2.5094380e-07 9.3969160e-01
		outer loop
			vertex 2.5606625e+01 -5.2696547e-31 4.7248145e+02
			vertex 2.2673540e+01 -1.1233630e+02 4.7354898e+02
			vertex 5.0000000e+01 2.5000000e+02 4.6360297e+02
		endloop 
	endfacet 
	facet normal 3.4202054e-01 -1.8117331e-07 9.3969250e-01
		outer loop
			vertex 2.5606625e+01 -5.2696547e-31 4.7248145e+02
			vertex 2.1073839e+01 -1.0952023e+02 4.7413123e+02
			vertex 2.2673540e+01 -1.1233630e+02 4.7354898e+02
		endloop 
	endfacet 
	facet normal 3.4202823e-01 1.8871910e-06 9.3968970e-01
		outer loop
			vertex -2.5606625e+01 1.2500000e+02 4.9112155e+02
			vertex -2.5419922e+01 1.2828462e+02 4.9105359e+02
			vertex -5.0000000e+01 2.5000000e+02 5.0000000e+02
		endloop 
	endfacet 
	facet normal 3.4203637e-01 0.0000000e+00 9.3968678e-01
		outer loop
			vertex -2.4862541e+01 1.1847865e+02 4.9085071e+02
			vertex -2.5419922e+01 1.2171538e+02 4.9105359e+02
			vertex -2.5419922e+01 3.2846246e+00 4.9105359e+02
		endloop 
	endfacet 
	facet normal 3.4202749e-01 -1.7266460e-06 9.3968999e-01
		outer loop
			vertex -2.4862541e+01 -1.3152135e+02 4.9085071e+02
			vertex -2.5419922e+01 -1.2828462e+02 4.9105359e+02
			vertex -5.0000000e+01 -2.5000000e+02 5.0000000e+02
		endloop 
	endfacet 
	facet normal 3.4201971e-01 1.2000011e-07 9.3969280e-01
		outer loop
			vertex 1.9166834e+01 1.4307010e+02 4.7482532e+02
			vertex 2.1073839e+01 1.4047977e+02 4.7413123e+02
			vertex 5.0000000e+01 2.5000000e+02 4.6360297e+02
		endloop 
	endfacet 
	facet normal 3.4201825e-01 -9.5558630e-07 9.3969327e-01
		outer loop
			vertex -9.0802336e+00 1.5047919e+02 4.8510641e+02
			vertex -6.1280661e+00 1.5145816e+02 4.8403192e+02
			vertex -5.0000000e+01 2.5000000e+02 5.0000000e+02
		endloop 
	endfacet 
	facet normal 3.4202814e-01 -6.1752496e-07 9.3968970e-01
		outer loop
			vertex 5.0000000e+01 2.5000000e+02 4.6360297e+02
			vertex 2.3942610e+01 -1.1533701e+02 4.7308710e+02
			vertex 2.4862541e+01 -1.1847865e+02 4.7275226e+02
		endloop 
	endfacet 
	facet normal 3.4200194e-01 2.1488352e-06 9.3969923e-01
		outer loop
			vertex 2.4862541e+01 6.5213518e+00 4.7275226e+02
			vertex 2.5419922e+01 3.2846246e+00 4.7254941e+02
			vertex 5.0000000e+01 2.5000000e+02 4.6360297e+02
		endloop 
	endfacet 
	facet normal 3.4202000e-01 -0.0000000e+00 9.3969274e-01
		outer loop
			vertex -2.5419922e+01 -1.2171538e+02 4.9105359e+02
			vertex -2.5419922e+01 -3.2846246e+00 4.9105359e+02
			vertex -5.0000000e+01 -2.5000000e+02 5.0000000e+02
		endloop 
	endfacet 
	facet normal 3.4202594e-01 -1.3730956e-06 9.3969053e-01
		outer loop
			vertex 5.0000000e+01 2.5000000e+02 4.6360297e+02
			vertex 2.3942610e+01 1.3466298e+02 4.7308710e+02
			vertex 2.4862541e+01 1.3152135e+02 4.7275226e+02
		endloop 
	endfacet 
	facet normal 3.4202155e-01 -7.5915744e-07 9.3969208e-01
		outer loop
			vertex 1.7951332e-14 1.5225000e+02 4.8180148e+02
			vertex 3.0865374e+00 1.5205132e+02 4.8067807e+02
			vertex 5.0000000e+01 2.5000000e+02 4.6360297e+02
		endloop 
	endfacet 
	facet normal 3.4202099e-01 -0.0000000e+00 9.3969232e-01
		outer loop
			vertex 5.0000000e+01 -2.5000000e+02 4.6360297e+02
			vertex 5.0000000e+01 2.5000000e+02 4.6360297e+02
			vertex 2.5419922e+01 -1.2171538e+02 4.7254941e+02
		endloop 
	endfacet 
	facet normal 3.4200901e-01 9.4275833e-07 9.3969661e-01
		outer loop
			vertex 2.2673540e+01 -1.1233630e+02 4.7354898e+02
			vertex 2.3942610e+01 -1.1533701e+02 4.7308710e+02
			vertex 5.0000000e+01 2.5000000e+02 4.6360297e+02
		endloop 
	endfacet 
	facet normal 3.4201503e-01 -1.8724271e-06 9.3969446e-01
		outer loop
			vertex -5.0000000e+01 2.5000000e+02 5.0000000e+02
			vertex -1.6980333e+01 1.4539691e+02 4.8798181e+02
			vertex -1.4546221e+01 1.4742632e+02 4.8709589e+02
		endloop 
	endfacet 
	facet normal 3.4203634e-01 0.0000000e+00 9.3968678e-01
		outer loop
			vertex -2.4862541e+01 -6.5213518e+00 4.9085071e+02
			vertex -2.5419922e+01 -3.2846246e+00 4.9105359e+02
			vertex -2.5419922e+01 -1.2171538e+02 4.9105359e+02
		endloop 
	endfacet 
	facet normal 3.4201178e-01 2.2747095e-06 9.3969566e-01
		outer loop
			vertex 2.2673540e+01 1.3766371e+02 4.7354898e+02
			vertex 2.3942610e+01 1.3466298e+02 4.7308710e+02
			vertex 5.0000000e+01 2.5000000e+02 4.6360297e+02
		endloop 
	endfacet 
	facet normal 3.4199926e-01 1.6267194e-06 9.3970019e-01
		outer loop
			vertex 2.4862541e+01 -1.1847865e+02 4.7275226e+02
			vertex 2.5419922e+01 -1.2171538e+02 4.7254941e+02
			vertex 5.0000000e+01 2.5000000e+02 4.6360297e+02
		endloop 
	endfacet 
	facet normal 3.4202489e-01 1.5720789e-06 9.3969095e-01
		outer loop
			vertex -1.9166834e+01 1.4307010e+02 4.8877765e+02
			vertex -1.6980333e+01 1.4539691e+02 4.8798181e+02
			vertex -5.0000000e+01 2.5000000e+02 5.0000000e+02
		endloop 
	endfacet 
	facet normal 3.4200716e-01 3.1645293e-06 9.3969738e-01
		outer loop
			vertex 2.4862541e+01 1.3152135e+02 4.7275226e+02
			vertex 2.5419922e+01 1.2828462e+02 4.7254941e+02
			vertex 5.0000000e+01 2.5000000e+02 4.6360297e+02
		endloop 
	endfacet 
	facet normal 3.4202433e-01 1.6962241e-06 9.3969107e-01
		outer loop
			vertex -1.4546221e+01 1.4742632e+02 4.8709589e+02
			vertex -1.1899991e+01 1.4912868e+02 4.8613272e+02
			vertex -5.0000000e+01 2.5000000e+02 5.0000000e+02
		endloop 
	endfacet 
	facet normal 3.4200555e-01 -3.3457170e-06 9.3969786e-01
		outer loop
			vertex 2.5419922e+01 -1.2171538e+02 4.7254941e+02
			vertex 2.5606625e+01 -1.2500000e+02 4.7248145e+02
			vertex 5.0000000e+01 -2.5000000e+02 4.6360297e+02
		endloop 
	endfacet 
	facet normal 3.4202904e-01 -1.8363024e-06 9.3968940e-01
		outer loop
			vertex 2.5419922e+01 1.2828462e+02 4.7254941e+02
			vertex 2.5606625e+01 1.2500000e+02 4.7248145e+02
			vertex 5.0000000e+01 2.5000000e+02 4.6360297e+02
		endloop 
	endfacet 
	facet normal 0.0000000e+00 0.0000000e+00 1.0000000e+00
		outer loop
			vertex 5.0000000e+01 -2.5000000e+02 4.6360297e+02
			vertex 1.4000000e+02 -2.5000000e+02 4.6360297e+02
			vertex 1.4000000e+02 2.5000000e+02 4.6360297e+02
		endloop 
	endfacet 
	facet normal 0.0000000e+00 0.0000000e+00 1.0000000e+00
		outer loop
			vertex 1.4000000e+02 2.5000000e+02 4.6360297e+02
			vertex 5.0000000e+01 2.5000000e+02 4.6360297e+02
			vertex 5.0000000e+01 -2.5000000e+02 4.6360297e+02
		endloop 
	endfacet 
	facet normal -1.0000000e+00 0.0000000e+00 -0.0000000e+00
		outer loop
			vertex -5.0000000e+01 2.5000000e+02 5.0000000e+02
			vertex -5.0000000e+01 2.5000000e+02 0.0000000e+00
			vertex -5.0000000e+01 -2.5000000e+02 0.0000000e+00
		endloop 
	endfacet 
	facet normal -1.0000000e+00 0.0000000e+00 0.0000000e+00
		outer loop
			vertex -5.0000000e+01 -2.5000000e+02 0.0000000e+00
			vertex -5.0000000e+01 -2.5000000e+02 5.0000000e+02
			vertex -5.0000000e+01 2.5000000e+02 5.0000000e+02
		endloop 
	endfacet 
	facet normal 0.0000000e+00 -0.0000000e+00 -1.0000000e+00
		outer loop
			vertex 5.0000000e+01 2.5000000e+02 0.0000000e+00
			vertex 5.0000000e+01 -2.5000000e+02 0.0000000e+00
			vertex -5.0000000e+01 -2.5000000e+02 0.0000000e+00
		endloop 
	endfacet 
	facet normal 0.0000000e+00 0.0000000e+00 -1.0000000e+00
		outer loop
			vertex -5.0000000e+01 -2.5000000e+02 0.0000000e+00
			vertex -5.0000000e+01 2.5000000e+02 0.0000000e+00
			vertex 5.0000000e+01 2.5000000e+02 0.0000000e+00
		endloop 
	endfacet 
	facet normal 1.0000000e+00 0.0000000e+00 0.0000000e+00
		outer loop
			vertex 5.0000000e+01 -2.5000000e+02 0.0000000e+00
			vertex 5.0000000e+01 2.5000000e+02 0.0000000e+00
			vertex 5.0000000e+01 2.5000000e+02 4.4360297e+02
		endloop 
	endfacet 
	facet normal 1.0000000e+00 0.0000000e+00 0.0000000e+00
		outer loop
			vertex 5.0000000e+01 2.5000000e+02 4.4360297e+02
			vertex 5.0000000e+01 -2.5000000e+02 4.4360297e+02
			vertex 5.0000000e+01 -2.5000000e+02 0.0000000e+00
		endloop 
	endfacet 
	facet normal 0.0000000e+00 0.0000000e+00 -1.0000000e+00
		outer loop
			vertex 1.5000000e+02 -2.5000000e+02 4.4360297e+02
			vertex 5.0000000e+01 -2.5000000e+02 4.4360297e+02
			vertex 5.0000000e+01 2.5000000e+02 4.4360297e+02
		endloop 
	endfacet 
	facet normal 0.0000000e+00 0.0000000e+00 -1.0000000e+00
		outer loop
			vertex 5.0000000e+01 2.5000000e+02 4.4360297e+02
			vertex 1.5000000e+02 2.5000000e+02 4.4360297e+02
			vertex 1.5000000e+02 -2.5000000e+02 4.4360297e+02
		endloop 
	endfacet 
	facet normal 0.0000000e+00 -1.0000000e+00 0.0000000e+00
		outer loop
			vertex 5.0000000e+01 -2.5000000e+02 4.4360297e+02
			vertex 1.5000000e+02 -2.5000000e+02 4.4360297e+02
			vertex 1.4000000e+02 -2.5000000e+02 4.6360297e+02
		endloop 
	endfacet 
	facet normal -0.0000000e+00 -1.0000000e+00 0.0000000e+00
		outer loop
			vertex 1.4000000e+02 -2.5000000e+02 4.6360297e+02
			vertex 5.0000000e+01 -2.5000000e+02 4.6360297e+02
			vertex 5.0000000e+01 -2.5000000e+02 4.4360297e+02
		endloop 
	endfacet 
	facet normal -0.0000000e+00 -1.0000000e+00 0.0000000e+00
		outer loop
			vertex 1.5000000e+02 -2.5000000e+02 4.9360297e+02
			vertex 1.4000000e+02 -2.5000000e+02 4.9360297e+02
			vertex 1.4000000e+02 -2.5000000e+02 4.6360297e+02
		endloop 
	endfacet 
	facet normal 0.0000000e+00 -1.0000000e+00 0.0000000e+00
		outer loop
			vertex 1.4000000e+02 -2.5000000e+02 4.6360297e+02
			vertex 1.5000000e+02 -2.5000000e+02 4.4360297e+02
			vertex 1.5000000e+02 -2.5000000e+02 4.9360297e+02
		endloop 
	endfacet 
	facet normal 0.0000000e+00 -1.0000000e+00 0.0000000e+00
		outer loop
			vertex -5.0000000e+01 -2.5000000e+02 0.0000000e+00
			vertex 5.0000000e+01 -2.5000000e+02 0.0000000e+00
			vertex 5.0000000e+01 -2.5000000e+02 4.4360297e+02
		endloop 
	endfacet 
	facet normal -0.0000000e+00 -1.0000000e+00 0.0000000e+00
		outer loop
			vertex 5.0000000e+01 -2.5000000e+02 4.4360297e+02
			vertex -5.0000000e+01 -2.5000000e+02 5.0000000e+02
			vertex -5.0000000e+01 -2.5000000e+02 0.0000000e+00
		endloop 
	endfacet 
	facet normal -0.0000000e+00 -1.0000000e+00 -0.0000000e+00
		outer loop
			vertex 5.0000000e+01 -2.5000000e+02 4.6360297e+02
			vertex -5.0000000e+01 -2.5000000e+02 5.0000000e+02
			vertex 5.0000000e+01 -2.5000000e+02 4.4360297e+02
		endloop 
	endfacet 
	facet normal 0.0000000e+00 1.0000000e+00 0.0000000e+00
		outer loop
			vertex 5.0000000e+01 2.5000000e+02 4.4360297e+02
			vertex 5.0000000e+01 2.5000000e+02 4.6360297e+02
			vertex 1.4000000e+02 2.5000000e+02 4.6360297e+02
		endloop 
	endfacet 
	facet normal 0.0000000e+00 1.0000000e+00 0.0000000e+00
		outer loop
			vertex 1.5000000e+02 2.5000000e+02 4.9360297e+02
			vertex 1.5000000e+02 2.5000000e+02 4.4360297e+02
			vertex 1.4000000e+02 2.5000000e+02 4.6360297e+02
		endloop 
	endfacet 
	facet normal 0.0000000e+00 1.0000000e+00 -0.0000000e+00
		outer loop
			vertex 5.0000000e+01 2.5000000e+02 4.4360297e+02
			vertex -5.0000000e+01 2.5000000e+02 5.0000000e+02
			vertex 5.0000000e+01 2.5000000e+02 4.6360297e+02
		endloop 
	endfacet 
	facet normal 0.0000000e+00 1.0000000e+00 0.0000000e+00
		outer loop
			vertex -5.0000000e+01 2.5000000e+02 0.0000000e+00
			vertex -5.0000000e+01 2.5000000e+02 5.0000000e+02
			vertex 5.0000000e+01 2.5000000e+02 4.4360297e+02
		endloop 
	endfacet 
	facet normal 0.0000000e+00 1.0000000e+00 0.0000000e+00
		outer loop
			vertex 1.4000000e+02 2.5000000e+02 4.6360297e+02
			vertex 1.5000000e+02 2.5000000e+02 4.4360297e+02
			vertex 5.0000000e+01 2.5000000e+02 4.4360297e+02
		endloop 
	endfacet 
	facet normal 0.0000000e+00 1.0000000e+00 0.0000000e+00
		outer loop
			vertex 1.4000000e+02 2.5000000e+02 4.6360297e+02
			vertex 1.4000000e+02 2.5000000e+02 4.9360297e+02
			vertex 1.5000000e+02 2.5000000e+02 4.9360297e+02
		endloop 
	endfacet 
	facet normal 0.0000000e+00 1.0000000e+00 0.0000000e+00
		outer loop
			vertex 5.0000000e+01 2.5000000e+02 4.4360297e+02
			vertex 5.0000000e+01 2.5000000e+02 0.0000000e+00
			vertex -5.0000000e+01 2.5000000e+02 0.0000000e+00
		endloop 
	endfacet 
	facet normal 1.0000000e+00 0.0000000e+00 0.0000000e+00
		outer loop
			vertex 1.5000000e+02 -2.5000000e+02 4.4360297e+02
			vertex 1.5000000e+02 2.5000000e+02 4.4360297e+02
			vertex 1.5000000e+02 2.5000000e+02 4.9360297e+02
		endloop 
	endfacet 
	facet normal 1.0000000e+00 0.0000000e+00 0.0000000e+00
		outer loop
			vertex 1.5000000e+02 2.5000000e+02 4.9360297e+02
			vertex 1.5000000e+02 -2.5000000e+02 4.9360297e+02
			vertex 1.5000000e+02 -2.5000000e+02 4.4360297e+02
		endloop 
	endfacet 
	facet normal 0.0000000e+00 0.0000000e+00 1.0000000e+00
		outer loop
			vertex 1.4000000e+02 2.5000000e+02 4.9360297e+02
			vertex 1.4000000e+02 -2.5000000e+02 4.9360297e+02
			vertex 1.5000000e+02 -2.5000000e+02 4.9360297e+02
		endloop 
	endfacet 
	facet normal 0.0000000e+00 -0.0000000e+00 1.0000000e+00
		outer loop
			vertex 1.5000000e+02 -2.5000000e+02 4.9360297e+02
			vertex 1.5000000e+02 2.5000000e+02 4.9360297e+02
			vertex 1.4000000e+02 2.5000000e+02 4.9360297e+02
		endloop 
	endfacet 
	facet normal -1.0000000e+00 0.0000000e+00 0.0000000e+00
		outer loop
			vertex 1.4000000e+02 2.5000000e+02 4.6360297e+02
			vertex 1.4000000e+02 -2.5000000e+02 4.6360297e+02
			vertex 1.4000000e+02 -2.5000000e+02 4.9360297e+02
		endloop 
	endfacet 
	facet normal -1.0000000e+00 0.0000000e+00 0.0000000e+00
		outer loop
			vertex 1.4000000e+02 -2.5000000e+02 4.9360297e+02
			vertex 1.4000000e+02 2.5000000e+02 4.9360297e+02
			vertex 1.4000000e+02 2.5000000e+02 4.6360297e+02
		endloop 
	endfacet 
	facet normal -9.3797815e-01 -6.0379479e-02 3.4139612e-01
		outer loop
			vertex 4.8987141e+00 3.2846246e+00 4.1616785e+02
			vertex 5.0854154e+00 4.3960133e-15 4.1609988e+02
			vertex 2.5606625e+01 -5.2696547e-31 4.7248145e+02
		endloop 
	endfacet 
	facet normal -9.2430073e-01 -1.8025303e-01 3.3641791e-01
		outer loop
			vertex 4.3413334e+00 6.5213518e+00 4.1637070e+02
			vertex 4.8987141e+00 3.2846246e+00 4.1616785e+02
			vertex 2.5419922e+01 3.2846246e+00 4.7254941e+02
		endloop 
	endfacet 
	facet normal -8.9714384e-01 -2.9750407e-01 3.2653362e-01
		outer loop
			vertex 3.4214008e+00 9.6629829e+00 4.1670554e+02
			vertex 4.3413334e+00 6.5213518e+00 4.1637070e+02
			vertex 2.4862541e+01 6.5213518e+00 4.7275226e+02
		endloop 
	endfacet 
	facet normal -8.5690522e-01 -4.1041365e-01 3.1188798e-01
		outer loop
			vertex 2.1523309e+00 1.2663707e+01 4.1716745e+02
			vertex 3.4214008e+00 9.6629829e+00 4.1670554e+02
			vertex 2.3942610e+01 9.6629829e+00 4.7308710e+02
		endloop 
	endfacet 
	facet normal -8.0417120e-01 -5.1733798e-01 2.9269454e-01
		outer loop
			vertex 5.5262977e-01 1.5479764e+01 4.1774969e+02
			vertex 2.1523309e+00 1.2663707e+01 4.1716745e+02
			vertex 2.2673540e+01 1.2663707e+01 4.7354898e+02
		endloop 
	endfacet 
	facet normal -7.3971069e-01 -6.1671865e-01 2.6923281e-01
		outer loop
			vertex -1.3543754e+00 1.8070093e+01 4.1844379e+02
			vertex 5.5262977e-01 1.5479764e+01 4.1774969e+02
			vertex 2.1073839e+01 1.5479764e+01 4.7413123e+02
		endloop 
	endfacet 
	facet normal -6.6446346e-01 -7.0710617e-01 2.4184504e-01
		outer loop
			vertex -3.5408762e+00 2.0396917e+01 4.1923959e+02
			vertex -1.3543754e+00 1.8070093e+01 4.1844379e+02
			vertex 1.9166834e+01 1.8070093e+01 4.7482532e+02
		endloop 
	endfacet 
	facet normal -5.7952559e-01 -7.8718400e-01 2.1093006e-01
		outer loop
			vertex -5.9749885e+00 2.2426310e+01 4.2012555e+02
			vertex -3.5408762e+00 2.0396917e+01 4.1923959e+02
			vertex 1.6980333e+01 2.0396917e+01 4.7562115e+02
		endloop 
	endfacet 
	facet normal -4.8613948e-01 -8.5578066e-01 1.7694032e-01
		outer loop
			vertex -8.6212168e+00 2.4128677e+01 4.2108868e+02
			vertex -5.9749885e+00 2.2426310e+01 4.2012555e+02
			vertex 1.4546221e+01 2.2426310e+01 4.7650711e+02
		endloop 
	endfacet 
	facet normal -3.8566184e-01 -9.1189986e-01 1.4036942e-01
		outer loop
			vertex -1.1440974e+01 2.5479193e+01 4.2211499e+02
			vertex -8.6212168e+00 2.4128677e+01 4.2108868e+02
			vertex 1.1899991e+01 2.4128677e+01 4.7747025e+02
		endloop 
	endfacet 
	facet normal -2.7956149e-01 -9.5472085e-01 1.0175205e-01
		outer loop
			vertex -1.4393143e+01 2.6458164e+01 4.2318948e+02
			vertex -1.1440974e+01 2.5479193e+01 4.2211499e+02
			vertex 9.0802336e+00 2.5479193e+01 4.7849655e+02
		endloop 
	endfacet 
	facet normal -1.6938454e-01 -9.8361987e-01 6.1650924e-02
		outer loop
			vertex -1.7434671e+01 2.7051317e+01 4.2429651e+02
			vertex -1.4393143e+01 2.6458164e+01 4.2318948e+02
			vertex 6.1280661e+00 2.6458164e+01 4.7957104e+02
		endloop 
	endfacet 
	facet normal -5.6737099e-02 -9.9817556e-01 2.0650614e-02
		outer loop
			vertex -2.0521208e+01 2.7250000e+01 4.2541992e+02
			vertex -1.7434671e+01 2.7051317e+01 4.2429651e+02
			vertex 3.0865374e+00 2.7051317e+01 4.8067807e+02
		endloop 
	endfacet 
	facet normal 5.6737069e-02 -9.9817556e-01 -2.0650601e-02
		outer loop
			vertex -2.3607746e+01 2.7051317e+01 4.2654333e+02
			vertex -2.0521208e+01 2.7250000e+01 4.2541992e+02
			vertex 1.7951332e-14 2.7250000e+01 4.8180148e+02
		endloop 
	endfacet 
	facet normal 1.6938454e-01 -9.8361987e-01 -6.1650924e-02
		outer loop
			vertex -2.6649275e+01 2.6458164e+01 4.2765036e+02
			vertex -2.3607746e+01 2.7051317e+01 4.2654333e+02
			vertex -3.0865374e+00 2.7051317e+01 4.8292490e+02
		endloop 
	endfacet 
	facet normal 2.7956158e-01 -9.5472085e-01 -1.0175209e-01
		outer loop
			vertex -2.9601442e+01 2.5479193e+01 4.2872485e+02
			vertex -2.6649275e+01 2.6458164e+01 4.2765036e+02
			vertex -6.1280661e+00 2.6458164e+01 4.8403192e+02
		endloop 
	endfacet 
	facet normal 3.8566184e-01 -9.1189986e-01 -1.4036942e-01
		outer loop
			vertex -3.2421200e+01 2.4128677e+01 4.2975116e+02
			vertex -2.9601442e+01 2.5479193e+01 4.2872485e+02
			vertex -9.0802336e+00 2.5479193e+01 4.8510641e+02
		endloop 
	endfacet 
	facet normal 4.8613814e-01 -8.5578156e-01 -1.7693982e-01
		outer loop
			vertex -3.5067429e+01 2.2426310e+01 4.3071432e+02
			vertex -3.2421200e+01 2.4128677e+01 4.2975116e+02
			vertex -1.1899991e+01 2.4128677e+01 4.8613272e+02
		endloop 
	endfacet 
	facet normal 5.7952553e-01 -7.8718400e-01 -2.1093002e-01
		outer loop
			vertex -3.7501541e+01 2.0396917e+01 4.3160028e+02
			vertex -3.5067429e+01 2.2426310e+01 4.3071432e+02
			vertex -1.4546221e+01 2.2426310e+01 4.8709589e+02
		endloop 
	endfacet 
	facet normal 6.6446346e-01 -7.0710611e-01 -2.4184504e-01
		outer loop
			vertex -3.9688042e+01 1.8070093e+01 4.3239609e+02
			vertex -3.7501541e+01 2.0396917e+01 4.3160028e+02
			vertex -1.6980333e+01 2.0396917e+01 4.8798181e+02
		endloop 
	endfacet 
	facet normal 7.3971063e-01 -6.1671859e-01 -2.6923263e-01
		outer loop
			vertex -4.1595047e+01 1.5479764e+01 4.3309018e+02
			vertex -3.9688042e+01 1.8070093e+01 4.3239609e+02
			vertex -1.9166834e+01 1.8070093e+01 4.8877765e+02
		endloop 
	endfacet 
	facet normal 8.0417132e-01 -5.1733804e-01 -2.9269442e-01
		outer loop
			vertex -4.3194748e+01 1.2663707e+01 4.3367242e+02
			vertex -4.1595047e+01 1.5479764e+01 4.3309018e+02
			vertex -2.1073839e+01 1.5479764e+01 4.8947174e+02
		endloop 
	endfacet 
	facet normal 8.5690522e-01 -4.1041353e-01 -3.1188795e-01
		outer loop
			vertex -4.4463818e+01 9.6629829e+00 4.3413434e+02
			vertex -4.3194748e+01 1.2663707e+01 4.3367242e+02
			vertex -2.2673540e+01 1.2663707e+01 4.9005399e+02
		endloop 
	endfacet 
	facet normal 8.9714468e-01 -2.9750139e-01 -3.2653391e-01
		outer loop
			vertex -4.5383751e+01 6.5213518e+00 4.3446915e+02
			vertex -4.4463818e+01 9.6629829e+00 4.3413434e+02
			vertex -2.3942610e+01 9.6629829e+00 4.9051590e+02
		endloop 
	endfacet 
	facet normal 9.2430013e-01 -1.8025605e-01 -3.3641770e-01
		outer loop
			vertex -4.5941132e+01 3.2846246e+00 4.3467203e+02
			vertex -4.5383751e+01 6.5213518e+00 4.3446915e+02
			vertex -2.4862541e+01 6.5213518e+00 4.9085071e+02
		endloop 
	endfacet 
	facet normal 9.3797815e-01 -6.0379889e-02 -3.4139609e-01
		outer loop
			vertex -4.6127834e+01 -5.6154744e-15 4.3473999e+02
			vertex -4.5941132e+01 3.2846246e+00 4.3467203e+02
			vertex -2.5419922e+01 3.2846246e+00 4.9105359e+02
		endloop 
	endfacet 
	facet normal 9.3797815e-01 6.0379885e-02 -3.4139612e-01
		outer loop
			vertex -4.5941132e+01 -3.2846246e+00 4.3467203e+02
			vertex -4.6127834e+01 -5.6154744e-15 4.3473999e+02
			vertex -2.5606625e+01 -3.3371624e-15 4.9112155e+02
		endloop 
	endfacet 
	facet normal 9.2430013e-01 1.8025608e-01 -3.3641776e-01
		outer loop
			vertex -4.5383751e+01 -6.5213518e+00 4.3446915e+02
			vertex -4.5941132e+01 -3.2846246e+00 4.3467203e+02
			vertex -2.5419922e+01 -3.2846246e+00 4.9105359e+02
		endloop 
	endfacet 
	facet normal 8.9714468e-01 2.9750139e-01 -3.2653394e-01
		outer loop
			vertex -4.4463818e+01 -9.6629829e+00 4.3413434e+02
			vertex -4.5383751e+01 -6.5213518e+00 4.3446915e+02
			vertex -2.4862541e+01 -6.5213518e+00 4.9085071e+02
		endloop 
	endfacet 
	facet normal 8.5690522e-01 4.1041353e-01 -3.1188795e-01
		outer loop
			vertex -4.3194748e+01 -1.2663707e+01 4.3367242e+02
			vertex -4.4463818e+01 -9.6629829e+00 4.3413434e+02
			vertex -2.3942610e+01 -9.6629829e+00 4.9051590e+02
		endloop 
	endfacet 
	facet normal 8.0417132e-01 5.1733804e-01 -2.9269442e-01
		outer loop
			vertex -4.1595047e+01 -1.5479764e+01 4.3309018e+02
			vertex -4.3194748e+01 -1.2663707e+01 4.3367242e+02
			vertex -2.2673540e+01 -1.2663707e+01 4.9005399e+02
		endloop 
	endfacet 
	facet normal 7.3971063e-01 6.1671865e-01 -2.6923263e-01
		outer loop
			vertex -3.9688042e+01 -1.8070093e+01 4.3239609e+02
			vertex -4.1595047e+01 -1.5479764e+01 4.3309018e+02
			vertex -2.1073839e+01 -1.5479764e+01 4.8947174e+02
		endloop 
	endfacet 
	facet normal 6.6446364e-01 7.0710623e-01 -2.4184494e-01
		outer loop
			vertex -3.7501541e+01 -2.0396917e+01 4.3160028e+02
			vertex -3.9688042e+01 -1.8070093e+01 4.3239609e+02
			vertex -1.9166834e+01 -1.8070093e+01 4.8877765e+02
		endloop 
	endfacet 
	facet normal 5.7952553e-01 7.8718406e-01 -2.1093014e-01
		outer loop
			vertex -3.5067429e+01 -2.2426310e+01 4.3071432e+02
			vertex -3.7501541e+01 -2.0396917e+01 4.3160028e+02
			vertex -1.6980333e+01 -2.0396917e+01 4.8798181e+02
		endloop 
	endfacet 
	facet normal 4.8613814e-01 8.5578156e-01 -1.7693979e-01
		outer loop
			vertex -3.2421200e+01 -2.4128677e+01 4.2975116e+02
			vertex -3.5067429e+01 -2.2426310e+01 4.3071432e+02
			vertex -1.4546221e+01 -2.2426310e+01 4.8709589e+02
		endloop 
	endfacet 
	facet normal 3.8566184e-01 9.1189986e-01 -1.4036942e-01
		outer loop
			vertex -2.9601442e+01 -2.5479193e+01 4.2872485e+02
			vertex -3.2421200e+01 -2.4128677e+01 4.2975116e+02
			vertex -1.1899991e+01 -2.4128677e+01 4.8613272e+02
		endloop 
	endfacet 
	facet normal 2.7956152e-01 9.5472080e-01 -1.0175207e-01
		outer loop
			vertex -2.6649275e+01 -2.6458164e+01 4.2765036e+02
			vertex -2.9601442e+01 -2.5479193e+01 4.2872485e+02
			vertex -9.0802336e+00 -2.5479193e+01 4.8510641e+02
		endloop 
	endfacet 
	facet normal 1.6938455e-01 9.8361987e-01 -6.1650928e-02
		outer loop
			vertex -2.3607746e+01 -2.7051317e+01 4.2654333e+02
			vertex -2.6649275e+01 -2.6458164e+01 4.2765036e+02
			vertex -6.1280661e+00 -2.6458164e+01 4.8403192e+02
		endloop 
	endfacet 
	facet normal 5.6737073e-02 9.9817562e-01 -2.0650605e-02
		outer loop
			vertex -2.0521208e+01 -2.7250000e+01 4.2541992e+02
			vertex -2.3607746e+01 -2.7051317e+01 4.2654333e+02
			vertex -3.0865374e+00 -2.7051317e+01 4.8292490e+02
		endloop 
	endfacet 
	facet normal -5.6737099e-02 9.9817550e-01 2.0650612e-02
		outer loop
			vertex -1.7434671e+01 -2.7051317e+01 4.2429651e+02
			vertex -2.0521208e+01 -2.7250000e+01 4.2541992e+02
			vertex 2.4930946e-14 -2.7250000e+01 4.8180148e+02
		endloop 
	endfacet 
	facet normal -1.6938455e-01 9.8361987e-01 6.1650928e-02
		outer loop
			vertex -1.4393143e+01 -2.6458164e+01 4.2318948e+02
			vertex -1.7434671e+01 -2.7051317e+01 4.2429651e+02
			vertex 3.0865374e+00 -2.7051317e+01 4.8067807e+02
		endloop 
	endfacet 
	facet normal -2.7956146e-01 9.5472085e-01 1.0175205e-01
		outer loop
			vertex -1.1440974e+01 -2.5479193e+01 4.2211499e+02
			vertex -1.4393143e+01 -2.6458164e+01 4.2318948e+02
			vertex 6.1280661e+00 -2.6458164e+01 4.7957104e+02
		endloop 
	endfacet 
	facet normal -3.8566184e-01 9.1189986e-01 1.4036942e-01
		outer loop
			vertex -8.6212168e+00 -2.4128677e+01 4.2108868e+02
			vertex -1.1440974e+01 -2.5479193e+01 4.2211499e+02
			vertex 9.0802336e+00 -2.5479193e+01 4.7849655e+02
		endloop 
	endfacet 
	facet normal -4.8613948e-01 8.5578066e-01 1.7694028e-01
		outer loop
			vertex -5.9749885e+00 -2.2426310e+01 4.2012555e+02
			vertex -8.6212168e+00 -2.4128677e+01 4.2108868e+02
			vertex 1.1899991e+01 -2.4128677e+01 4.7747025e+02
		endloop 
	endfacet 
	facet normal -5.7952559e-01 7.8718400e-01 2.1093006e-01
		outer loop
			vertex -3.5408762e+00 -2.0396917e+01 4.1923959e+02
			vertex -5.9749885e+00 -2.2426310e+01 4.2012555e+02
			vertex 1.4546221e+01 -2.2426310e+01 4.7650711e+02
		endloop 
	endfacet 
	facet normal -6.6446352e-01 7.0710617e-01 2.4184492e-01
		outer loop
			vertex -1.3543754e+00 -1.8070093e+01 4.1844379e+02
			vertex -3.5408762e+00 -2.0396917e+01 4.1923959e+02
			vertex 1.6980333e+01 -2.0396917e+01 4.7562115e+02
		endloop 
	endfacet 
	facet normal -7.3971069e-01 6.1671865e-01 2.6923281e-01
		outer loop
			vertex 5.5262977e-01 -1.5479764e+01 4.1774969e+02
			vertex -1.3543754e+00 -1.8070093e+01 4.1844379e+02
			vertex 1.9166834e+01 -1.8070093e+01 4.7482532e+02
		endloop 
	endfacet 
	facet normal -8.0417120e-01 5.1733798e-01 2.9269451e-01
		outer loop
			vertex 2.1523309e+00 -1.2663707e+01 4.1716745e+02
			vertex 5.5262977e-01 -1.5479764e+01 4.1774969e+02
			vertex 2.1073839e+01 -1.5479764e+01 4.7413123e+02
		endloop 
	endfacet 
	facet normal -8.5690504e-01 4.1041362e-01 3.1188810e-01
		outer loop
			vertex 3.4214008e+00 -9.6629829e+00 4.1670554e+02
			vertex 2.1523309e+00 -1.2663707e+01 4.1716745e+02
			vertex 2.2673540e+01 -1.2663707e+01 4.7354898e+02
		endloop 
	endfacet 
	facet normal -8.9714384e-01 2.9750407e-01 3.2653365e-01
		outer loop
			vertex 4.3413334e+00 -6.5213518e+00 4.1637070e+02
			vertex 3.4214008e+00 -9.6629829e+00 4.1670554e+02
			vertex 2.3942610e+01 -9.6629829e+00 4.7308710e+02
		endloop 
	endfacet 
	facet normal -9.2430067e-01 1.8025301e-01 3.3641791e-01
		outer loop
			vertex 4.8987141e+00 -3.2846246e+00 4.1616785e+02
			vertex 4.3413334e+00 -6.5213518e+00 4.1637070e+02
			vertex 2.4862541e+01 -6.5213518e+00 4.7275226e+02
		endloop 
	endfacet 
	facet normal -9.3797815e-01 6.0379479e-02 3.4139609e-01
		outer loop
			vertex 5.0854154e+00 4.3960133e-15 4.1609988e+02
			vertex 4.8987141e+00 -3.2846246e+00 4.1616785e+02
			vertex 2.5419922e+01 -3.2846246e+00 4.7254941e+02
		endloop 
	endfacet 
	facet normal -9.3797815e-01 6.0379885e-02 3.4139612e-01
		outer loop
			vertex 2.5419922e+01 -3.2846246e+00 4.7254941e+02
			vertex 2.5606625e+01 -5.2696547e-31 4.7248145e+02
			vertex 5.0854154e+00 4.3960133e-15 4.1609988e+02
		endloop 
	endfacet 
	facet normal -9.2430067e-01 1.8025301e-01 3.3641791e-01
		outer loop
			vertex 2.4862541e+01 -6.5213518e+00 4.7275226e+02
			vertex 2.5419922e+01 -3.2846246e+00 4.7254941e+02
			vertex 4.8987141e+00 -3.2846246e+00 4.1616785e+02
		endloop 
	endfacet 
	facet normal -8.9714384e-01 2.9750374e-01 3.2653362e-01
		outer loop
			vertex 2.3942610e+01 -9.6629829e+00 4.7308710e+02
			vertex 2.4862541e+01 -6.5213518e+00 4.7275226e+02
			vertex 4.3413334e+00 -6.5213518e+00 4.1637070e+02
		endloop 
	endfacet 
	facet normal -8.5690641e-01 4.1041094e-01 3.1188840e-01
		outer loop
			vertex 2.2673540e+01 -1.2663707e+01 4.7354898e+02
			vertex 2.3942610e+01 -9.6629829e+00 4.7308710e+02
			vertex 3.4214008e+00 -9.6629829e+00 4.1670554e+02
		endloop 
	endfacet 
	facet normal -8.0417120e-01 5.1733798e-01 2.9269451e-01
		outer loop
			vertex 2.1073839e+01 -1.5479764e+01 4.7413123e+02
			vertex 2.2673540e+01 -1.2663707e+01 4.7354898e+02
			vertex 2.1523309e+00 -1.2663707e+01 4.1716745e+02
		endloop 
	endfacet 
	facet normal -7.3971063e-01 6.1671865e-01 2.6923278e-01
		outer loop
			vertex 1.9166834e+01 -1.8070093e+01 4.7482532e+02
			vertex 2.1073839e+01 -1.5479764e+01 4.7413123e+02
			vertex 5.5262977e-01 -1.5479764e+01 4.1774969e+02
		endloop 
	endfacet 
	facet normal -6.6446203e-01 7.0710778e-01 2.4184451e-01
		outer loop
			vertex 1.6980333e+01 -2.0396917e+01 4.7562115e+02
			vertex 1.9166834e+01 -1.8070093e+01 4.7482532e+02
			vertex -1.3543754e+00 -1.8070093e+01 4.1844379e+02
		endloop 
	endfacet 
	facet normal -5.7952553e-01 7.8718400e-01 2.1093003e-01
		outer loop
			vertex 1.4546221e+01 -2.2426310e+01 4.7650711e+02
			vertex 1.6980333e+01 -2.0396917e+01 4.7562115e+02
			vertex -3.5408762e+00 -2.0396917e+01 4.1923959e+02
		endloop 
	endfacet 
	facet normal -4.8613930e-01 8.5578072e-01 1.7694023e-01
		outer loop
			vertex 1.1899991e+01 -2.4128677e+01 4.7747025e+02
			vertex 1.4546221e+01 -2.2426310e+01 4.7650711e+02
			vertex -5.9749885e+00 -2.2426310e+01 4.2012555e+02
		endloop 
	endfacet 
	facet normal -3.8566184e-01 9.1189986e-01 1.4036942e-01
		outer loop
			vertex 9.0802336e+00 -2.5479193e+01 4.7849655e+02
			vertex 1.1899991e+01 -2.4128677e+01 4.7747025e+02
			vertex -8.6212168e+00 -2.4128677e+01 4.2108868e+02
		endloop 
	endfacet 
	facet normal -2.7956152e-01 9.5472080e-01 1.0175206e-01
		outer loop
			vertex 6.1280661e+00 -2.6458164e+01 4.7957104e+02
			vertex 9.0802336e+00 -2.5479193e+01 4.7849655e+02
			vertex -1.1440974e+01 -2.5479193e+01 4.2211499e+02
		endloop 
	endfacet 
	facet normal -1.6938455e-01 9.8361987e-01 6.1650928e-02
		outer loop
			vertex 3.0865374e+00 -2.7051317e+01 4.8067807e+02
			vertex 6.1280661e+00 -2.6458164e+01 4.7957104e+02
			vertex -1.4393143e+01 -2.6458164e+01 4.2318948e+02
		endloop 
	endfacet 
	facet normal -5.6737084e-02 9.9817556e-01 2.0650608e-02
		outer loop
			vertex 2.4930946e-14 -2.7250000e+01 4.8180148e+02
			vertex 3.0865374e+00 -2.7051317e+01 4.8067807e+02
			vertex -1.7434671e+01 -2.7051317e+01 4.2429651e+02
		endloop 
	endfacet 
	facet normal 5.6737084e-02 9.9817556e-01 -2.0650607e-02
		outer loop
			vertex -3.0865374e+00 -2.7051317e+01 4.8292490e+02
			vertex 2.4930946e-14 -2.7250000e+01 4.8180148e+02
			vertex -2.0521208e+01 -2.7250000e+01 4.2541992e+02
		endloop 
	endfacet 
	facet normal 1.6938455e-01 9.8361987e-01 -6.1650928e-02
		outer loop
			vertex -6.1280661e+00 -2.6458164e+01 4.8403192e+02
			vertex -3.0865374e+00 -2.7051317e+01 4.8292490e+02
			vertex -2.3607746e+01 -2.7051317e+01 4.2654333e+02
		endloop 
	endfacet 
	facet normal 2.7956152e-01 9.5472080e-01 -1.0175207e-01
		outer loop
			vertex -9.0802336e+00 -2.5479193e+01 4.8510641e+02
			vertex -6.1280661e+00 -2.6458164e+01 4.8403192e+02
			vertex -2.6649275e+01 -2.6458164e+01 4.2765036e+02
		endloop 
	endfacet 
	facet normal 3.8566184e-01 9.1189986e-01 -1.4036942e-01
		outer loop
			vertex -1.1899991e+01 -2.4128677e+01 4.8613272e+02
			vertex -9.0802336e+00 -2.5479193e+01 4.8510641e+02
			vertex -2.9601442e+01 -2.5479193e+01 4.2872485e+02
		endloop 
	endfacet 
	facet normal 4.8613802e-01 8.5578156e-01 -1.7693976e-01
		outer loop
			vertex -1.4546221e+01 -2.2426310e+01 4.8709589e+02
			vertex -1.1899991e+01 -2.4128677e+01 4.8613272e+02
			vertex -3.2421200e+01 -2.4128677e+01 4.2975116e+02
		endloop 
	endfacet 
	facet normal 5.7952696e-01 7.8718275e-01 -2.1093054e-01
		outer loop
			vertex -1.6980333e+01 -2.0396917e+01 4.8798181e+02
			vertex -1.4546221e+01 -2.2426310e+01 4.8709589e+02
			vertex -3.5067429e+01 -2.2426310e+01 4.3071432e+02
		endloop 
	endfacet 
	facet normal 6.6446209e-01 7.0710784e-01 -2.4184451e-01
		outer loop
			vertex -1.9166834e+01 -1.8070093e+01 4.8877765e+02
			vertex -1.6980333e+01 -2.0396917e+01 4.8798181e+02
			vertex -3.7501541e+01 -2.0396917e+01 4.3160028e+02
		endloop 
	endfacet 
	facet normal 7.3971063e-01 6.1671865e-01 -2.6923263e-01
		outer loop
			vertex -2.1073839e+01 -1.5479764e+01 4.8947174e+02
			vertex -1.9166834e+01 -1.8070093e+01 4.8877765e+02
			vertex -3.9688042e+01 -1.8070093e+01 4.3239609e+02
		endloop 
	endfacet 
	facet normal 8.0417132e-01 5.1733804e-01 -2.9269442e-01
		outer loop
			vertex -2.2673540e+01 -1.2663707e+01 4.9005399e+02
			vertex -2.1073839e+01 -1.5479764e+01 4.8947174e+02
			vertex -4.1595047e+01 -1.5479764e+01 4.3309018e+02
		endloop 
	endfacet 
	facet normal 8.5690522e-01 4.1041353e-01 -3.1188795e-01
		outer loop
			vertex -2.3942610e+01 -9.6629829e+00 4.9051590e+02
			vertex -2.2673540e+01 -1.2663707e+01 4.9005399e+02
			vertex -4.3194748e+01 -1.2663707e+01 4.3367242e+02
		endloop 
	endfacet 
	facet normal 8.9714473e-01 2.9750085e-01 -3.2653394e-01
		outer loop
			vertex -2.4862541e+01 -6.5213518e+00 4.9085071e+02
			vertex -2.3942610e+01 -9.6629829e+00 4.9051590e+02
			vertex -4.4463818e+01 -9.6629829e+00 4.3413434e+02
		endloop 
	endfacet 
	facet normal 9.2430013e-01 1.8025608e-01 -3.3641776e-01
		outer loop
			vertex -2.5419922e+01 -3.2846246e+00 4.9105359e+02
			vertex -2.4862541e+01 -6.5213518e+00 4.9085071e+02
			vertex -4.5383751e+01 -6.5213518e+00 4.3446915e+02
		endloop 
	endfacet 
	facet normal 9.3797815e-01 6.0379885e-02 -3.4139612e-01
		outer loop
			vertex -2.5606625e+01 -3.3371624e-15 4.9112155e+02
			vertex -2.5419922e+01 -3.2846246e+00 4.9105359e+02
			vertex -4.5941132e+01 -3.2846246e+00 4.3467203e+02
		endloop 
	endfacet 
	facet normal 9.3797815e-01 -6.0379889e-02 -3.4139609e-01
		outer loop
			vertex -2.5419922e+01 3.2846246e+00 4.9105359e+02
			vertex -2.5606625e+01 -3.3371624e-15 4.9112155e+02
			vertex -4.6127834e+01 -5.6154744e-15 4.3473999e+02
		endloop 
	endfacet 
	facet normal 9.2430013e-01 -1.8025605e-01 -3.3641770e-01
		outer loop
			vertex -2.4862541e+01 6.5213518e+00 4.9085071e+02
			vertex -2.5419922e+01 3.2846246e+00 4.9105359e+02
			vertex -4.5941132e+01 3.2846246e+00 4.3467203e+02
		endloop 
	endfacet 
	facet normal 8.9714473e-01 -2.9750085e-01 -3.2653397e-01
		outer loop
			vertex -2.3942610e+01 9.6629829e+00 4.9051590e+02
			vertex -2.4862541e+01 6.5213518e+00 4.9085071e+02
			vertex -4.5383751e+01 6.5213518e+00 4.3446915e+02
		endloop 
	endfacet 
	facet normal 8.5690522e-01 -4.1041353e-01 -3.1188795e-01
		outer loop
			vertex -2.2673540e+01 1.2663707e+01 4.9005399e+02
			vertex -2.3942610e+01 9.6629829e+00 4.9051590e+02
			vertex -4.4463818e+01 9.6629829e+00 4.3413434e+02
		endloop 
	endfacet 
	facet normal 8.0417132e-01 -5.1733804e-01 -2.9269442e-01
		outer loop
			vertex -2.1073839e+01 1.5479764e+01 4.8947174e+02
			vertex -2.2673540e+01 1.2663707e+01 4.9005399e+02
			vertex -4.3194748e+01 1.2663707e+01 4.3367242e+02
		endloop 
	endfacet 
	facet normal 7.3971063e-01 -6.1671859e-01 -2.6923263e-01
		outer loop
			vertex -1.9166834e+01 1.8070093e+01 4.8877765e+02
			vertex -2.1073839e+01 1.5479764e+01 4.8947174e+02
			vertex -4.1595047e+01 1.5479764e+01 4.3309018e+02
		endloop 
	endfacet 
	facet normal 6.6446209e-01 -7.0710778e-01 -2.4184440e-01
		outer loop
			vertex -1.6980333e+01 2.0396917e+01 4.8798181e+02
			vertex -1.9166834e+01 1.8070093e+01 4.8877765e+02
			vertex -3.9688042e+01 1.8070093e+01 4.3239609e+02
		endloop 
	endfacet 
	facet normal 5.7952696e-01 -7.8718281e-01 -2.1093066e-01
		outer loop
			vertex -1.4546221e+01 2.2426310e+01 4.8709589e+02
			vertex -1.6980333e+01 2.0396917e+01 4.8798181e+02
			vertex -3.7501541e+01 2.0396917e+01 4.3160028e+02
		endloop 
	endfacet 
	facet normal 4.8613802e-01 -8.5578161e-01 -1.7693976e-01
		outer loop
			vertex -1.1899991e+01 2.4128677e+01 4.8613272e+02
			vertex -1.4546221e+01 2.2426310e+01 4.8709589e+02
			vertex -3.5067429e+01 2.2426310e+01 4.3071432e+02
		endloop 
	endfacet 
	facet normal 3.8566184e-01 -9.1189986e-01 -1.4036942e-01
		outer loop
			vertex -9.0802336e+00 2.5479193e+01 4.8510641e+02
			vertex -1.1899991e+01 2.4128677e+01 4.8613272e+02
			vertex -3.2421200e+01 2.4128677e+01 4.2975116e+02
		endloop 
	endfacet 
	facet normal 2.7956158e-01 -9.5472085e-01 -1.0175209e-01
		outer loop
			vertex -6.1280661e+00 2.6458164e+01 4.8403192e+02
			vertex -9.0802336e+00 2.5479193e+01 4.8510641e+02
			vertex -2.9601442e+01 2.5479193e+01 4.2872485e+02
		endloop 
	endfacet 
	facet normal 1.6938454e-01 -9.8361987e-01 -6.1650924e-02
		outer loop
			vertex -3.0865374e+00 2.7051317e+01 4.8292490e+02
			vertex -6.1280661e+00 2.6458164e+01 4.8403192e+02
			vertex -2.6649275e+01 2.6458164e+01 4.2765036e+02
		endloop 
	endfacet 
	facet normal 5.6737084e-02 -9.9817556e-01 -2.0650608e-02
		outer loop
			vertex 1.7951332e-14 2.7250000e+01 4.8180148e+02
			vertex -3.0865374e+00 2.7051317e+01 4.8292490e+02
			vertex -2.3607746e+01 2.7051317e+01 4.2654333e+02
		endloop 
	endfacet 
	facet normal -5.6737084e-02 -9.9817556e-01 2.0650608e-02
		outer loop
			vertex 3.0865374e+00 2.7051317e+01 4.8067807e+02
			vertex 1.7951332e-14 2.7250000e+01 4.8180148e+02
			vertex -2.0521208e+01 2.7250000e+01 4.2541992e+02
		endloop 
	endfacet 
	facet normal -1.6938454e-01 -9.8361987e-01 6.1650924e-02
		outer loop
			vertex 6.1280661e+00 2.6458164e+01 4.7957104e+02
			vertex 3.0865374e+00 2.7051317e+01 4.8067807e+02
			vertex -1.7434671e+01 2.7051317e+01 4.2429651e+02
		endloop 
	endfacet 
	facet normal -2.7956158e-01 -9.5472085e-01 1.0175209e-01
		outer loop
			vertex 9.0802336e+00 2.5479193e+01 4.7849655e+02
			vertex 6.1280661e+00 2.6458164e+01 4.7957104e+02
			vertex -1.4393143e+01 2.6458164e+01 4.2318948e+02
		endloop 
	endfacet 
	facet normal -3.8566184e-01 -9.1189986e-01 1.4036942e-01
		outer loop
			vertex 1.1899991e+01 2.4128677e+01 4.7747025e+02
			vertex 9.0802336e+00 2.5479193e+01 4.7849655e+02
			vertex -1.1440974e+01 2.5479193e+01 4.2211499e+02
		endloop 
	endfacet 
	facet normal -4.8613930e-01 -8.5578072e-01 1.7694023e-01
		outer loop
			vertex 1.4546221e+01 2.2426310e+01 4.7650711e+02
			vertex 1.1899991e+01 2.4128677e+01 4.7747025e+02
			vertex -8.6212168e+00 2.4128677e+01 4.2108868e+02
		endloop 
	endfacet 
	facet normal -5.7952553e-01 -7.8718400e-01 2.1093003e-01
		outer loop
			vertex 1.6980333e+01 2.0396917e+01 4.7562115e+02
			vertex 1.4546221e+01 2.2426310e+01 4.7650711e+02
			vertex -5.9749885e+00 2.2426310e+01 4.2012555e+02
		endloop 
	endfacet 
	facet normal -6.6446209e-01 -7.0710778e-01 2.4184442e-01
		outer loop
			vertex 1.9166834e+01 1.8070093e+01 4.7482532e+02
			vertex 1.6980333e+01 2.0396917e+01 4.7562115e+02
			vertex -3.5408762e+00 2.0396917e+01 4.1923959e+02
		endloop 
	endfacet 
	facet normal -7.3971063e-01 -6.1671865e-01 2.6923278e-01
		outer loop
			vertex 2.1073839e+01 1.5479764e+01 4.7413123e+02
			vertex 1.9166834e+01 1.8070093e+01 4.7482532e+02
			vertex -1.3543754e+00 1.8070093e+01 4.1844379e+02
		endloop 
	endfacet 
	facet normal -8.0417126e-01 -5.1733798e-01 2.9269457e-01
		outer loop
			vertex 2.2673540e+01 1.2663707e+01 4.7354898e+02
			vertex 2.1073839e+01 1.5479764e+01 4.7413123e+02
			vertex 5.5262977e-01 1.5479764e+01 4.1774969e+02
		endloop 
	endfacet 
	facet normal -8.5690629e-01 -4.1041097e-01 3.1188855e-01
		outer loop
			vertex 2.3942610e+01 9.6629829e+00 4.7308710e+02
			vertex 2.2673540e+01 1.2663707e+01 4.7354898e+02
			vertex 2.1523309e+00 1.2663707e+01 4.1716745e+02
		endloop 
	endfacet 
	facet normal -8.9714384e-01 -2.9750374e-01 3.2653365e-01
		outer loop
			vertex 2.4862541e+01 6.5213518e+00 4.7275226e+02
			vertex 2.3942610e+01 9.6629829e+00 4.7308710e+02
			vertex 3.4214008e+00 9.6629829e+00 4.1670554e+02
		endloop 
	endfacet 
	facet normal -9.2430073e-01 -1.8025303e-01 3.3641791e-01
		outer loop
			vertex 2.5419922e+01 3.2846246e+00 4.7254941e+02
			vertex 2.4862541e+01 6.5213518e+00 4.7275226e+02
			vertex 4.3413334e+00 6.5213518e+00 4.1637070e+02
		endloop 
	endfacet 
	facet normal -9.3797815e-01 -6.0379885e-02 3.4139609e-01
		outer loop
			vertex 2.5606625e+01 -5.2696547e-31 4.7248145e+02
			vertex 2.5419922e+01 3.2846246e+00 4.7254941e+02
			vertex 4.8987141e+00 3.2846246e+00 4.1616785e+02
		endloop 
	endfacet 
	facet normal 3.4201890e-01 5.4552934e-06 9.3969309e-01
		outer loop
			vertex -2.0521208e+01 0.0000000e+00 4.2541992e+02
			vertex 4.8987141e+00 3.2846246e+00 4.1616785e+02
			vertex 4.3413334e+00 6.5213518e+00 4.1637070e+02
		endloop 
	endfacet 
	facet normal 3.4202081e-01 -3.0046706e-06 9.3969232e-01
		outer loop
			vertex 4.3413334e+00 6.5213518e+00 4.1637070e+02
			vertex 3.4214008e+00 9.6629829e+00 4.1670554e+02
			vertex -2.0521208e+01 0.0000000e+00 4.2541992e+02
		endloop 
	endfacet 
	facet normal 3.4202081e-01 -2.9300861e-06 9.3969238e-01
		outer loop
			vertex 3.4214008e+00 9.6629829e+00 4.1670554e+02
			vertex 2.1523309e+00 1.2663707e+01 4.1716745e+02
			vertex -2.0521208e+01 0.0000000e+00 4.2541992e+02
		endloop 
	endfacet 
	facet normal 3.4201974e-01 -7.0322125e-07 9.3969280e-01
		outer loop
			vertex 2.1523309e+00 1.2663707e+01 4.1716745e+02
			vertex 5.5262977e-01 1.5479764e+01 4.1774969e+02
			vertex -2.0521208e+01 0.0000000e+00 4.2541992e+02
		endloop 
	endfacet 
	facet normal 3.4201935e-01 -1.7047780e-07 9.3969291e-01
		outer loop
			vertex 5.5262977e-01 1.5479764e+01 4.1774969e+02
			vertex -1.3543754e+00 1.8070093e+01 4.1844379e+02
			vertex -2.0521208e+01 0.0000000e+00 4.2541992e+02
		endloop 
	endfacet 
	facet normal 3.4201711e-01 2.5571708e-06 9.3969375e-01
		outer loop
			vertex -1.3543754e+00 1.8070093e+01 4.1844379e+02
			vertex -3.5408762e+00 2.0396917e+01 4.1923959e+02
			vertex -2.0521208e+01 0.0000000e+00 4.2541992e+02
		endloop 
	endfacet 
	facet normal 3.4202230e-01 -2.3440678e-06 9.3969178e-01
		outer loop
			vertex -3.5408762e+00 2.0396917e+01 4.1923959e+02
			vertex -5.9749885e+00 2.2426310e+01 4.2012555e+02
			vertex -2.0521208e+01 0.0000000e+00 4.2541992e+02
		endloop 
	endfacet 
	facet normal 3.4201685e-01 1.6728155e-06 9.3969387e-01
		outer loop
			vertex -5.9749885e+00 2.2426310e+01 4.2012555e+02
			vertex -8.6212168e+00 2.4128677e+01 4.2108868e+02
			vertex -2.0521208e+01 0.0000000e+00 4.2541992e+02
		endloop 
	endfacet 
	facet normal 3.4201971e-01 7.4584058e-08 9.3969280e-01
		outer loop
			vertex -8.6212168e+00 2.4128677e+01 4.2108868e+02
			vertex -1.1440974e+01 2.5479193e+01 4.2211499e+02
			vertex -2.0521208e+01 0.0000000e+00 4.2541992e+02
		endloop 
	endfacet 
	facet normal 3.4201807e-01 7.1387620e-07 9.3969339e-01
		outer loop
			vertex -1.1440974e+01 2.5479193e+01 4.2211499e+02
			vertex -1.4393143e+01 2.6458164e+01 4.2318948e+02
			vertex -2.0521208e+01 0.0000000e+00 4.2541992e+02
		endloop 
	endfacet 
	facet normal 3.4202000e-01 2.1842470e-07 9.3969274e-01
		outer loop
			vertex -1.4393143e+01 2.6458164e+01 4.2318948e+02
			vertex -1.7434671e+01 2.7051317e+01 4.2429651e+02
			vertex -2.0521208e+01 0.0000000e+00 4.2541992e+02
		endloop 
	endfacet 
	facet normal 3.4202167e-01 0.0000000e+00 9.3969202e-01
		outer loop
			vertex -1.7434671e+01 2.7051317e+01 4.2429651e+02
			vertex -2.0521208e+01 2.7250000e+01 4.2541992e+02
			vertex -2.0521208e+01 0.0000000e+00 4.2541992e+02
		endloop 
	endfacet 
	facet normal 3.4202150e-01 0.0000000e+00 9.3969214e-01
		outer loop
			vertex -2.0521208e+01 2.7250000e+01 4.2541992e+02
			vertex -2.3607746e+01 2.7051317e+01 4.2654333e+02
			vertex -2.0521208e+01 0.0000000e+00 4.2541992e+02
		endloop 
	endfacet 
	facet normal 3.4202000e-01 -1.9711497e-07 9.3969274e-01
		outer loop
			vertex -2.3607746e+01 2.7051317e+01 4.2654333e+02
			vertex -2.6649275e+01 2.6458164e+01 4.2765036e+02
			vertex -2.0521208e+01 0.0000000e+00 4.2541992e+02
		endloop 
	endfacet 
	facet normal 3.4201816e-01 -6.6592946e-07 9.3969339e-01
		outer loop
			vertex -2.6649275e+01 2.6458164e+01 4.2765036e+02
			vertex -2.9601442e+01 2.5479193e+01 4.2872485e+02
			vertex -2.0521208e+01 0.0000000e+00 4.2541992e+02
		endloop 
	endfacet 
	facet normal 3.4201968e-01 -6.3929193e-08 9.3969280e-01
		outer loop
			vertex -2.9601442e+01 2.5479193e+01 4.2872485e+02
			vertex -3.2421200e+01 2.4128677e+01 4.2975116e+02
			vertex -2.0521208e+01 0.0000000e+00 4.2541992e+02
		endloop 
	endfacet 
	facet normal 3.4202403e-01 2.3866849e-06 9.3969119e-01
		outer loop
			vertex -3.2421200e+01 2.4128677e+01 4.2975116e+02
			vertex -3.5067429e+01 2.2426310e+01 4.3071432e+02
			vertex -2.0521208e+01 0.0000000e+00 4.2541992e+02
		endloop 
	endfacet 
	facet normal 3.4202287e-01 1.5236436e-06 9.3969154e-01
		outer loop
			vertex -3.5067429e+01 2.2426310e+01 4.3071432e+02
			vertex -3.7501541e+01 2.0396917e+01 4.3160028e+02
			vertex -2.0521208e+01 0.0000000e+00 4.2541992e+02
		endloop 
	endfacet 
	facet normal 3.4201783e-01 -3.2603918e-06 9.3969351e-01
		outer loop
			vertex -3.7501541e+01 2.0396917e+01 4.3160028e+02
			vertex -3.9688042e+01 1.8070093e+01 4.3239609e+02
			vertex -2.0521208e+01 0.0000000e+00 4.2541992e+02
		endloop 
	endfacet 
	facet normal 3.4202012e-01 -4.7946867e-07 9.3969262e-01
		outer loop
			vertex -3.9688042e+01 1.8070093e+01 4.3239609e+02
			vertex -4.1595047e+01 1.5479764e+01 4.3309018e+02
			vertex -2.0521208e+01 0.0000000e+00 4.2541992e+02
		endloop 
	endfacet 
	facet normal 3.4202054e-01 1.9178754e-07 9.3969250e-01
		outer loop
			vertex -4.1595047e+01 1.5479764e+01 4.3309018e+02
			vertex -4.3194748e+01 1.2663707e+01 4.3367242e+02
			vertex -2.0521208e+01 0.0000000e+00 4.2541992e+02
		endloop 
	endfacet 
	facet normal 3.4202170e-01 2.5358552e-06 9.3969208e-01
		outer loop
			vertex -4.3194748e+01 1.2663707e+01 4.3367242e+02
			vertex -4.4463818e+01 9.6629829e+00 4.3413434e+02
			vertex -2.0521208e+01 0.0000000e+00 4.2541992e+02
		endloop 
	endfacet 
	facet normal 3.4201884e-01 -5.5405312e-06 9.3969315e-01
		outer loop
			vertex -4.4463818e+01 9.6629829e+00 4.3413434e+02
			vertex -4.5383751e+01 6.5213518e+00 4.3446915e+02
			vertex -2.0521208e+01 0.0000000e+00 4.2541992e+02
		endloop 
	endfacet 
	facet normal 3.4202081e-01 3.0259800e-06 9.3969238e-01
		outer loop
			vertex -4.5383751e+01 6.5213518e+00 4.3446915e+02
			vertex -4.5941132e+01 3.2846246e+00 4.3467203e+02
			vertex -2.0521208e+01 0.0000000e+00 4.2541992e+02
		endloop 
	endfacet 
	facet normal 3.4202075e-01 2.3680423e-06 9.3969238e-01
		outer loop
			vertex -4.5941132e+01 3.2846246e+00 4.3467203e+02
			vertex -4.6127834e+01 -5.6154744e-15 4.3473999e+02
			vertex -2.0521208e+01 0.0000000e+00 4.2541992e+02
		endloop 
	endfacet 
	facet normal 3.4202075e-01 -2.3680423e-06 9.3969238e-01
		outer loop
			vertex -4.6127834e+01 -5.6154744e-15 4.3473999e+02
			vertex -4.5941132e+01 -3.2846246e+00 4.3467203e+02
			vertex -2.0521208e+01 0.0000000e+00 4.2541992e+02
		endloop 
	endfacet 
	facet normal 3.4202081e-01 -3.0313074e-06 9.3969238e-01
		outer loop
			vertex -4.5941132e+01 -3.2846246e+00 4.3467203e+02
			vertex -4.5383751e+01 -6.5213518e+00 4.3446915e+02
			vertex -2.0521208e+01 0.0000000e+00 4.2541992e+02
		endloop 
	endfacet 
	facet normal 3.4201887e-01 5.5405312e-06 9.3969315e-01
		outer loop
			vertex -4.5383751e+01 -6.5213518e+00 4.3446915e+02
			vertex -4.4463818e+01 -9.6629829e+00 4.3413434e+02
			vertex -2.0521208e+01 0.0000000e+00 4.2541992e+02
		endloop 
	endfacet 
	facet normal 3.4202170e-01 -2.5358552e-06 9.3969208e-01
		outer loop
			vertex -4.4463818e+01 -9.6629829e+00 4.3413434e+02
			vertex -4.3194748e+01 -1.2663707e+01 4.3367242e+02
			vertex -2.0521208e+01 0.0000000e+00 4.2541992e+02
		endloop 
	endfacet 
	facet normal 3.4202057e-01 -1.8113266e-07 9.3969250e-01
		outer loop
			vertex -4.3194748e+01 -1.2663707e+01 4.3367242e+02
			vertex -4.1595047e+01 -1.5479764e+01 4.3309018e+02
			vertex -2.0521208e+01 0.0000000e+00 4.2541992e+02
		endloop 
	endfacet 
	facet normal 3.4202012e-01 4.7946867e-07 9.3969262e-01
		outer loop
			vertex -4.1595047e+01 -1.5479764e+01 4.3309018e+02
			vertex -3.9688042e+01 -1.8070093e+01 4.3239609e+02
			vertex -2.0521208e+01 0.0000000e+00 4.2541992e+02
		endloop 
	endfacet 
	facet normal 3.4201780e-01 3.2603918e-06 9.3969351e-01
		outer loop
			vertex -3.9688042e+01 -1.8070093e+01 4.3239609e+02
			vertex -3.7501541e+01 -2.0396917e+01 4.3160028e+02
			vertex -2.0521208e+01 0.0000000e+00 4.2541992e+02
		endloop 
	endfacet 
	facet normal 3.4202287e-01 -1.5236436e-06 9.3969154e-01
		outer loop
			vertex -3.7501541e+01 -2.0396917e+01 4.3160028e+02
			vertex -3.5067429e+01 -2.2426310e+01 4.3071432e+02
			vertex -2.0521208e+01 0.0000000e+00 4.2541992e+02
		endloop 
	endfacet 
	facet normal 3.4202406e-01 -2.3866851e-06 9.3969119e-01
		outer loop
			vertex -3.5067429e+01 -2.2426310e+01 4.3071432e+02
			vertex -3.2421200e+01 -2.4128677e+01 4.2975116e+02
			vertex -2.0521208e+01 0.0000000e+00 4.2541992e+02
		endloop 
	endfacet 
	facet normal 3.4201971e-01 6.3929193e-08 9.3969280e-01
		outer loop
			vertex -3.2421200e+01 -2.4128677e+01 4.2975116e+02
			vertex -2.9601442e+01 -2.5479193e+01 4.2872485e+02
			vertex -2.0521208e+01 0.0000000e+00 4.2541992e+02
		endloop 
	endfacet 
	facet normal 3.4201819e-01 6.7125700e-07 9.3969333e-01
		outer loop
			vertex -2.9601442e+01 -2.5479193e+01 4.2872485e+02
			vertex -2.6649275e+01 -2.6458164e+01 4.2765036e+02
			vertex -2.0521208e+01 0.0000000e+00 4.2541992e+02
		endloop 
	endfacet 
	facet normal 3.4202000e-01 1.9711497e-07 9.3969274e-01
		outer loop
			vertex -2.6649275e+01 -2.6458164e+01 4.2765036e+02
			vertex -2.3607746e+01 -2.7051317e+01 4.2654333e+02
			vertex -2.0521208e+01 0.0000000e+00 4.2541992e+02
		endloop 
	endfacet 
	facet normal 3.4202150e-01 0.0000000e+00 9.3969214e-01
		outer loop
			vertex -2.3607746e+01 -2.7051317e+01 4.2654333e+02
			vertex -2.0521208e+01 -2.7250000e+01 4.2541992e+02
			vertex -2.0521208e+01 0.0000000e+00 4.2541992e+02
		endloop 
	endfacet 
	facet normal 3.4202167e-01 -0.0000000e+00 9.3969202e-01
		outer loop
			vertex -2.0521208e+01 -2.7250000e+01 4.2541992e+02
			vertex -1.7434671e+01 -2.7051317e+01 4.2429651e+02
			vertex -2.0521208e+01 0.0000000e+00 4.2541992e+02
		endloop 
	endfacet 
	facet normal 3.4202000e-01 -2.2108843e-07 9.3969274e-01
		outer loop
			vertex -1.7434671e+01 -2.7051317e+01 4.2429651e+02
			vertex -1.4393143e+01 -2.6458164e+01 4.2318948e+02
			vertex -2.0521208e+01 0.0000000e+00 4.2541992e+02
		endloop 
	endfacet 
	facet normal 3.4201810e-01 -7.1387626e-07 9.3969339e-01
		outer loop
			vertex -1.4393143e+01 -2.6458164e+01 4.2318948e+02
			vertex -1.1440974e+01 -2.5479193e+01 4.2211499e+02
			vertex -2.0521208e+01 0.0000000e+00 4.2541992e+02
		endloop 
	endfacet 
	facet normal 3.4201968e-01 -7.4584058e-08 9.3969280e-01
		outer loop
			vertex -1.1440974e+01 -2.5479193e+01 4.2211499e+02
			vertex -8.6212168e+00 -2.4128677e+01 4.2108868e+02
			vertex -2.0521208e+01 0.0000000e+00 4.2541992e+02
		endloop 
	endfacet 
	facet normal 3.4201682e-01 -1.6621606e-06 9.3969387e-01
		outer loop
			vertex -8.6212168e+00 -2.4128677e+01 4.2108868e+02
			vertex -5.9749885e+00 -2.2426310e+01 4.2012555e+02
			vertex -2.0521208e+01 0.0000000e+00 4.2541992e+02
		endloop 
	endfacet 
	facet normal 3.4202230e-01 2.3440678e-06 9.3969178e-01
		outer loop
			vertex -5.9749885e+00 -2.2426310e+01 4.2012555e+02
			vertex -3.5408762e+00 -2.0396917e+01 4.1923959e+02
			vertex -2.0521208e+01 0.0000000e+00 4.2541992e+02
		endloop 
	endfacet 
	facet normal 3.4201711e-01 -2.5571708e-06 9.3969375e-01
		outer loop
			vertex -3.5408762e+00 -2.0396917e+01 4.1923959e+02
			vertex -1.3543754e+00 -1.8070093e+01 4.1844379e+02
			vertex -2.0521208e+01 0.0000000e+00 4.2541992e+02
		endloop 
	endfacet 
	facet normal 3.4201938e-01 1.8113268e-07 9.3969291e-01
		outer loop
			vertex -1.3543754e+00 -1.8070093e+01 4.1844379e+02
			vertex 5.5262977e-01 -1.5479764e+01 4.1774969e+02
			vertex -2.0521208e+01 0.0000000e+00 4.2541992e+02
		endloop 
	endfacet 
	facet normal 3.4201974e-01 7.0322125e-07 9.3969280e-01
		outer loop
			vertex 5.5262977e-01 -1.5479764e+01 4.1774969e+02
			vertex 2.1523309e+00 -1.2663707e+01 4.1716745e+02
			vertex -2.0521208e+01 0.0000000e+00 4.2541992e+02
		endloop 
	endfacet 
	facet normal 3.4202081e-01 2.9407408e-06 9.3969238e-01
		outer loop
			vertex 2.1523309e+00 -1.2663707e+01 4.1716745e+02
			vertex 3.4214008e+00 -9.6629829e+00 4.1670554e+02
			vertex -2.0521208e+01 0.0000000e+00 4.2541992e+02
		endloop 
	endfacet 
	facet normal 3.4202084e-01 2.9940159e-06 9.3969232e-01
		outer loop
			vertex 3.4214008e+00 -9.6629829e+00 4.1670554e+02
			vertex 4.3413334e+00 -6.5213518e+00 4.1637070e+02
			vertex -2.0521208e+01 0.0000000e+00 4.2541992e+02
		endloop 
	endfacet 
	facet normal 3.4201890e-01 -5.4552929e-06 9.3969315e-01
		outer loop
			vertex 4.3413334e+00 -6.5213518e+00 4.1637070e+02
			vertex 4.8987141e+00 -3.2846246e+00 4.1616785e+02
			vertex -2.0521208e+01 0.0000000e+00 4.2541992e+02
		endloop 
	endfacet 
	facet normal 3.4201980e-01 2.5771453e-06 9.3969280e-01
		outer loop
			vertex 4.8987141e+00 -3.2846246e+00 4.1616785e+02
			vertex 5.0854154e+00 4.3960133e-15 4.1609988e+02
			vertex -2.0521208e+01 0.0000000e+00 4.2541992e+02
		endloop 
	endfacet 
	facet normal 3.4201980e-01 -2.5771453e-06 9.3969274e-01
		outer loop
			vertex 5.0854154e+00 4.3960133e-15 4.1609988e+02
			vertex 4.8987141e+00 3.2846246e+00 4.1616785e+02
			vertex -2.0521208e+01 0.0000000e+00 4.2541992e+02
		endloop 
	endfacet 
	facet normal -9.3797821e-01 -6.0379524e-02 3.4139612e-01
		outer loop
			vertex 4.8987141e+00 1.2828462e+02 4.1616785e+02
			vertex 5.0854154e+00 1.2500000e+02 4.1609988e+02
			vertex 2.5606625e+01 1.2500000e+02 4.7248145e+02
		endloop 
	endfacet 
	facet normal -9.2430073e-01 -1.8025315e-01 3.3641794e-01
		outer loop
			vertex 4.3413334e+00 1.3152135e+02 4.1637070e+02
			vertex 4.8987141e+00 1.2828462e+02 4.1616785e+02
			vertex 2.5419922e+01 1.2828462e+02 4.7254941e+02
		endloop 
	endfacet 
	facet normal -8.9714390e-01 -2.9750401e-01 3.2653365e-01
		outer loop
			vertex 3.4214008e+00 1.3466298e+02 4.1670554e+02
			vertex 4.3413334e+00 1.3152135e+02 4.1637070e+02
			vertex 2.4862541e+01 1.3152135e+02 4.7275226e+02
		endloop 
	endfacet 
	facet normal -8.5690564e-01 -4.1041273e-01 3.1188813e-01
		outer loop
			vertex 2.1523309e+00 1.3766371e+02 4.1716745e+02
			vertex 3.4214008e+00 1.3466298e+02 4.1670554e+02
			vertex 2.3942610e+01 1.3466298e+02 4.7308710e+02
		endloop 
	endfacet 
	facet normal -8.0417109e-01 -5.1733828e-01 2.9269448e-01
		outer loop
			vertex 5.5262977e-01 1.4047977e+02 4.1774969e+02
			vertex 2.1523309e+00 1.3766371e+02 4.1716745e+02
			vertex 2.2673540e+01 1.3766371e+02 4.7354898e+02
		endloop 
	endfacet 
	facet normal -7.3971099e-01 -6.1671817e-01 2.6923290e-01
		outer loop
			vertex -1.3543754e+00 1.4307010e+02 4.1844379e+02
			vertex 5.5262977e-01 1.4047977e+02 4.1774969e+02
			vertex 2.1073839e+01 1.4047977e+02 4.7413123e+02
		endloop 
	endfacet 
	facet normal -6.6446179e-01 -7.0710790e-01 2.4184445e-01
		outer loop
			vertex -3.5408762e+00 1.4539691e+02 4.1923959e+02
			vertex -1.3543754e+00 1.4307010e+02 4.1844379e+02
			vertex 1.9166834e+01 1.4307010e+02 4.7482532e+02
		endloop 
	endfacet 
	facet normal -5.7952756e-01 -7.8718227e-01 2.1093079e-01
		outer loop
			vertex -5.9749885e+00 1.4742632e+02 4.2012555e+02
			vertex -3.5408762e+00 1.4539691e+02 4.1923959e+02
			vertex 1.6980333e+01 1.4539691e+02 4.7562115e+02
		endloop 
	endfacet 
	facet normal -4.8613825e-01 -8.5578144e-01 1.7693987e-01
		outer loop
			vertex -8.6212168e+00 1.4912868e+02 4.2108868e+02
			vertex -5.9749885e+00 1.4742632e+02 4.2012555e+02
			vertex 1.4546221e+01 1.4742632e+02 4.7650711e+02
		endloop 
	endfacet 
	facet normal -3.8566047e-01 -9.1190046e-01 1.4036892e-01
		outer loop
			vertex -1.1440974e+01 1.5047919e+02 4.2211499e+02
			vertex -8.6212168e+00 1.4912868e+02 4.2108868e+02
			vertex 1.1899991e+01 1.4912868e+02 4.7747025e+02
		endloop 
	endfacet 
	facet normal -2.7956197e-01 -9.5472068e-01 1.0175222e-01
		outer loop
			vertex -1.4393143e+01 1.5145816e+02 4.2318948e+02
			vertex -1.1440974e+01 1.5047919e+02 4.2211499e+02
			vertex 9.0802336e+00 1.5047919e+02 4.7849655e+02
		endloop 
	endfacet 
	facet normal -1.6938506e-01 -9.8361981e-01 6.1651111e-02
		outer loop
			vertex -1.7434671e+01 1.5205132e+02 4.2429651e+02
			vertex -1.4393143e+01 1.5145816e+02 4.2318948e+02
			vertex 6.1280661e+00 1.5145816e+02 4.7957104e+02
		endloop 
	endfacet 
	facet normal -5.6737639e-02 -9.9817550e-01 2.0650813e-02
		outer loop
			vertex -2.0521208e+01 1.5225000e+02 4.2541992e+02
			vertex -1.7434671e+01 1.5205132e+02 4.2429651e+02
			vertex 3.0865374e+00 1.5205132e+02 4.8067807e+02
		endloop 
	endfacet 
	facet normal 5.6737609e-02 -9.9817550e-01 -2.0650798e-02
		outer loop
			vertex -2.3607746e+01 1.5205132e+02 4.2654333e+02
			vertex -2.0521208e+01 1.5225000e+02 4.2541992e+02
			vertex 1.7951332e-14 1.5225000e+02 4.8180148e+02
		endloop 
	endfacet 
	facet normal 1.6938506e-01 -9.8361981e-01 -6.1651111e-02
		outer loop
			vertex -2.6649275e+01 1.5145816e+02 4.2765036e+02
			vertex -2.3607746e+01 1.5205132e+02 4.2654333e+02
			vertex -3.0865374e+00 1.5205132e+02 4.8292490e+02
		endloop 
	endfacet 
	facet normal 2.7956203e-01 -9.5472068e-01 -1.0175227e-01
		outer loop
			vertex -2.9601442e+01 1.5047919e+02 4.2872485e+02
			vertex -2.6649275e+01 1.5145816e+02 4.2765036e+02
			vertex -6.1280661e+00 1.5145816e+02 4.8403192e+02
		endloop 
	endfacet 
	facet normal 3.8566047e-01 -9.1190046e-01 -1.4036892e-01
		outer loop
			vertex -3.2421200e+01 1.4912868e+02 4.2975116e+02
			vertex -2.9601442e+01 1.5047919e+02 4.2872485e+02
			vertex -9.0802336e+00 1.5047919e+02 4.8510641e+02
		endloop 
	endfacet 
	facet normal 4.8613697e-01 -8.5578233e-01 -1.7693937e-01
		outer loop
			vertex -3.5067429e+01 1.4742632e+02 4.3071432e+02
			vertex -3.2421200e+01 1.4912868e+02 4.2975116e+02
			vertex -1.1899991e+01 1.4912868e+02 4.8613272e+02
		endloop 
	endfacet 
	facet normal 5.7952756e-01 -7.8718233e-01 -2.1093078e-01
		outer loop
			vertex -3.7501541e+01 1.4539691e+02 4.3160028e+02
			vertex -3.5067429e+01 1.4742632e+02 4.3071432e+02
			vertex -1.4546221e+01 1.4742632e+02 4.8709589e+02
		endloop 
	endfacet 
	facet normal 6.6446191e-01 -7.0710790e-01 -2.4184445e-01
		outer loop
			vertex -3.9688042e+01 1.4307010e+02 4.3239609e+02
			vertex -3.7501541e+01 1.4539691e+02 4.3160028e+02
			vertex -1.6980333e+01 1.4539691e+02 4.8798181e+02
		endloop 
	endfacet 
	facet normal 7.3971099e-01 -6.1671817e-01 -2.6923275e-01
		outer loop
			vertex -4.1595047e+01 1.4047977e+02 4.3309018e+02
			vertex -3.9688042e+01 1.4307010e+02 4.3239609e+02
			vertex -1.9166834e+01 1.4307010e+02 4.8877765e+02
		endloop 
	endfacet 
	facet normal 8.0417120e-01 -5.1733828e-01 -2.9269436e-01
		outer loop
			vertex -4.3194748e+01 1.3766371e+02 4.3367242e+02
			vertex -4.1595047e+01 1.4047977e+02 4.3309018e+02
			vertex -2.1073839e+01 1.4047977e+02 4.8947174e+02
		endloop 
	endfacet 
	facet normal 8.5690564e-01 -4.1041261e-01 -3.1188813e-01
		outer loop
			vertex -4.4463818e+01 1.3466298e+02 4.3413434e+02
			vertex -4.3194748e+01 1.3766371e+02 4.3367242e+02
			vertex -2.2673540e+01 1.3766371e+02 4.9005399e+02
		endloop 
	endfacet 
	facet normal 8.9714468e-01 -2.9750127e-01 -3.2653391e-01
		outer loop
			vertex -4.5383751e+01 1.3152135e+02 4.3446915e+02
			vertex -4.4463818e+01 1.3466298e+02 4.3413434e+02
			vertex -2.3942610e+01 1.3466298e+02 4.9051590e+02
		endloop 
	endfacet 
	facet normal 9.2430025e-01 -1.8025623e-01 -3.3641782e-01
		outer loop
			vertex -4.5941132e+01 1.2828462e+02 4.3467203e+02
			vertex -4.5383751e+01 1.3152135e+02 4.3446915e+02
			vertex -2.4862541e+01 1.3152135e+02 4.9085071e+02
		endloop 
	endfacet 
	facet normal 9.3797809e-01 -6.0379930e-02 -3.4139609e-01
		outer loop
			vertex -4.6127834e+01 1.2500000e+02 4.3473999e+02
			vertex -4.5941132e+01 1.2828462e+02 4.3467203e+02
			vertex -2.5419922e+01 1.2828462e+02 4.9105359e+02
		endloop 
	endfacet 
	facet normal 9.3797815e-01 6.0379930e-02 -3.4139615e-01
		outer loop
			vertex -4.5941132e+01 1.2171538e+02 4.3467203e+02
			vertex -4.6127834e+01 1.2500000e+02 4.3473999e+02
			vertex -2.5606625e+01 1.2500000e+02 4.9112155e+02
		endloop 
	endfacet 
	facet normal 9.2430025e-01 1.8025582e-01 -3.3641782e-01
		outer loop
			vertex -4.5383751e+01 1.1847865e+02 4.3446915e+02
			vertex -4.5941132e+01 1.2171538e+02 4.3467203e+02
			vertex -2.5419922e+01 1.2171538e+02 4.9105359e+02
		endloop 
	endfacet 
	facet normal 8.9714468e-01 2.9750130e-01 -3.2653397e-01
		outer loop
			vertex -4.4463818e+01 1.1533701e+02 4.3413434e+02
			vertex -4.5383751e+01 1.1847865e+02 4.3446915e+02
			vertex -2.4862541e+01 1.1847865e+02 4.9085071e+02
		endloop 
	endfacet 
	facet normal 8.5690486e-01 4.1041431e-01 -3.1188783e-01
		outer loop
			vertex -4.3194748e+01 1.1233630e+02 4.3367242e+02
			vertex -4.4463818e+01 1.1533701e+02 4.3413434e+02
			vertex -2.3942610e+01 1.1533701e+02 4.9051590e+02
		endloop 
	endfacet 
	facet normal 8.0417174e-01 5.1733720e-01 -2.9269451e-01
		outer loop
			vertex -4.1595047e+01 1.0952023e+02 4.3309018e+02
			vertex -4.3194748e+01 1.1233630e+02 4.3367242e+02
			vertex -2.2673540e+01 1.1233630e+02 4.9005399e+02
		endloop 
	endfacet 
	facet normal 7.3971009e-01 6.1671937e-01 -2.6923245e-01
		outer loop
			vertex -3.9688042e+01 1.0692991e+02 4.3239609e+02
			vertex -4.1595047e+01 1.0952023e+02 4.3309018e+02
			vertex -2.1073839e+01 1.0952023e+02 4.8947174e+02
		endloop 
	endfacet 
	facet normal 6.6446418e-01 7.0710564e-01 -2.4184513e-01
		outer loop
			vertex -3.7501541e+01 1.0460308e+02 4.3160028e+02
			vertex -3.9688042e+01 1.0692991e+02 4.3239609e+02
			vertex -1.9166834e+01 1.0692991e+02 4.8877765e+02
		endloop 
	endfacet 
	facet normal 5.7952487e-01 7.8718460e-01 -2.1092989e-01
		outer loop
			vertex -3.5067429e+01 1.0257369e+02 4.3071432e+02
			vertex -3.7501541e+01 1.0460308e+02 4.3160028e+02
			vertex -1.6980333e+01 1.0460308e+02 4.8798181e+02
		endloop 
	endfacet 
	facet normal 4.8613849e-01 8.5578126e-01 -1.7693992e-01
		outer loop
			vertex -3.2421200e+01 1.0087132e+02 4.2975116e+02
			vertex -3.5067429e+01 1.0257369e+02 4.3071432e+02
			vertex -1.4546221e+01 1.0257369e+02 4.8709589e+02
		endloop 
	endfacet 
	facet normal 3.8566232e-01 9.1189975e-01 -1.4036958e-01
		outer loop
			vertex -2.9601442e+01 9.9520805e+01 4.2872485e+02
			vertex -3.2421200e+01 1.0087132e+02 4.2975116e+02
			vertex -1.1899991e+01 1.0087132e+02 4.8613272e+02
		endloop 
	endfacet 
	facet normal 2.7956203e-01 9.5472068e-01 -1.0175225e-01
		outer loop
			vertex -2.6649275e+01 9.8541832e+01 4.2765036e+02
			vertex -2.9601442e+01 9.9520805e+01 4.2872485e+02
			vertex -9.0802336e+00 9.9520805e+01 4.8510641e+02
		endloop 
	endfacet 
	facet normal 1.6938296e-01 9.8362017e-01 -6.1650347e-02
		outer loop
			vertex -2.3607746e+01 9.7948685e+01 4.2654333e+02
			vertex -2.6649275e+01 9.8541832e+01 4.2765036e+02
			vertex -6.1280661e+00 9.8541832e+01 4.8403192e+02
		endloop 
	endfacet 
	facet normal 5.6737620e-02 9.9817562e-01 -2.0650802e-02
		outer loop
			vertex -2.0521208e+01 9.7750000e+01 4.2541992e+02
			vertex -2.3607746e+01 9.7948685e+01 4.2654333e+02
			vertex -3.0865374e+00 9.7948685e+01 4.8292490e+02
		endloop 
	endfacet 
	facet normal -5.6737646e-02 9.9817550e-01 2.0650811e-02
		outer loop
			vertex -1.7434671e+01 9.7948685e+01 4.2429651e+02
			vertex -2.0521208e+01 9.7750000e+01 4.2541992e+02
			vertex 2.4930946e-14 9.7750000e+01 4.8180148e+02
		endloop 
	endfacet 
	facet normal -1.6938296e-01 9.8362017e-01 6.1650347e-02
		outer loop
			vertex -1.4393143e+01 9.8541832e+01 4.2318948e+02
			vertex -1.7434671e+01 9.7948685e+01 4.2429651e+02
			vertex 3.0865374e+00 9.7948685e+01 4.8067807e+02
		endloop 
	endfacet 
	facet normal -2.7956197e-01 9.5472062e-01 1.0175223e-01
		outer loop
			vertex -1.1440974e+01 9.9520805e+01 4.2211499e+02
			vertex -1.4393143e+01 9.8541832e+01 4.2318948e+02
			vertex 6.1280661e+00 9.8541832e+01 4.7957104e+02
		endloop 
	endfacet 
	facet normal -3.8566232e-01 9.1189975e-01 1.4036958e-01
		outer loop
			vertex -8.6212168e+00 1.0087132e+02 4.2108868e+02
			vertex -1.1440974e+01 9.9520805e+01 4.2211499e+02
			vertex 9.0802336e+00 9.9520805e+01 4.7849655e+02
		endloop 
	endfacet 
	facet normal -4.8613983e-01 8.5578036e-01 1.7694041e-01
		outer loop
			vertex -5.9749885e+00 1.0257369e+02 4.2012555e+02
			vertex -8.6212168e+00 1.0087132e+02 4.2108868e+02
			vertex 1.1899991e+01 1.0087132e+02 4.7747025e+02
		endloop 
	endfacet 
	facet normal -5.7952482e-01 7.8718448e-01 2.1092980e-01
		outer loop
			vertex -3.5408762e+00 1.0460308e+02 4.1923959e+02
			vertex -5.9749885e+00 1.0257369e+02 4.2012555e+02
			vertex 1.4546221e+01 1.0257369e+02 4.7650711e+02
		endloop 
	endfacet 
	facet normal -6.6446406e-01 7.0710564e-01 2.4184513e-01
		outer loop
			vertex -1.3543754e+00 1.0692991e+02 4.1844379e+02
			vertex -3.5408762e+00 1.0460308e+02 4.1923959e+02
			vertex 1.6980333e+01 1.0460308e+02 4.7562115e+02
		endloop 
	endfacet 
	facet normal -7.3971009e-01 6.1671931e-01 2.6923260e-01
		outer loop
			vertex 5.5262977e-01 1.0952023e+02 4.1774969e+02
			vertex -1.3543754e+00 1.0692991e+02 4.1844379e+02
			vertex 1.9166834e+01 1.0692991e+02 4.7482532e+02
		endloop 
	endfacet 
	facet normal -8.0417162e-01 5.1733726e-01 2.9269469e-01
		outer loop
			vertex 2.1523309e+00 1.1233630e+02 4.1716745e+02
			vertex 5.5262977e-01 1.0952023e+02 4.1774969e+02
			vertex 2.1073839e+01 1.0952023e+02 4.7413123e+02
		endloop 
	endfacet 
	facet normal -8.5690480e-01 4.1041443e-01 3.1188801e-01
		outer loop
			vertex 3.4214008e+00 1.1533701e+02 4.1670554e+02
			vertex 2.1523309e+00 1.1233630e+02 4.1716745e+02
			vertex 2.2673540e+01 1.1233630e+02 4.7354898e+02
		endloop 
	endfacet 
	facet normal -8.9714390e-01 2.9750401e-01 3.2653365e-01
		outer loop
			vertex 4.3413334e+00 1.1847865e+02 4.1637070e+02
			vertex 3.4214008e+00 1.1533701e+02 4.1670554e+02
			vertex 2.3942610e+01 1.1533701e+02 4.7308710e+02
		endloop 
	endfacet 
	facet normal -9.2430079e-01 1.8025273e-01 3.3641794e-01
		outer loop
			vertex 4.8987141e+00 1.2171538e+02 4.1616785e+02
			vertex 4.3413334e+00 1.1847865e+02 4.1637070e+02
			vertex 2.4862541e+01 1.1847865e+02 4.7275226e+02
		endloop 
	endfacet 
	facet normal -9.3797821e-01 6.0379528e-02 3.4139615e-01
		outer loop
			vertex 5.0854154e+00 1.2500000e+02 4.1609988e+02
			vertex 4.8987141e+00 1.2171538e+02 4.1616785e+02
			vertex 2.5419922e+01 1.2171538e+02 4.7254941e+02
		endloop 
	endfacet 
	facet normal -9.3797815e-01 6.0379930e-02 3.4139615e-01
		outer loop
			vertex 2.5419922e+01 1.2171538e+02 4.7254941e+02
			vertex 2.5606625e+01 1.2500000e+02 4.7248145e+02
			vertex 5.0854154e+00 1.2500000e+02 4.1609988e+02
		endloop 
	endfacet 
	facet normal -9.2430079e-01 1.8025273e-01 3.3641794e-01
		outer loop
			vertex 2.4862541e+01 1.1847865e+02 4.7275226e+02
			vertex 2.5419922e+01 1.2171538e+02 4.7254941e+02
			vertex 4.8987141e+00 1.2171538e+02 4.1616785e+02
		endloop 
	endfacet 
	facet normal -8.9714402e-01 2.9750368e-01 3.2653368e-01
		outer loop
			vertex 2.3942610e+01 1.1533701e+02 4.7308710e+02
			vertex 2.4862541e+01 1.1847865e+02 4.7275226e+02
			vertex 4.3413334e+00 1.1847865e+02 4.1637070e+02
		endloop 
	endfacet 
	facet normal -8.5690594e-01 4.1041166e-01 3.1188825e-01
		outer loop
			vertex 2.2673540e+01 1.1233630e+02 4.7354898e+02
			vertex 2.3942610e+01 1.1533701e+02 4.7308710e+02
			vertex 3.4214008e+00 1.1533701e+02 4.1670554e+02
		endloop 
	endfacet 
	facet normal -8.0417162e-01 5.1733720e-01 2.9269469e-01
		outer loop
			vertex 2.1073839e+01 1.0952023e+02 4.7413123e+02
			vertex 2.2673540e+01 1.1233630e+02 4.7354898e+02
			vertex 2.1523309e+00 1.1233630e+02 4.1716745e+02
		endloop 
	endfacet 
	facet normal -7.3971009e-01 6.1671942e-01 2.6923260e-01
		outer loop
			vertex 1.9166834e+01 1.0692991e+02 4.7482532e+02
			vertex 2.1073839e+01 1.0952023e+02 4.7413123e+02
			vertex 5.5262977e-01 1.0952023e+02 4.1774969e+02
		endloop 
	endfacet 
	facet normal -6.6446257e-01 7.0710725e-01 2.4184473e-01
		outer loop
			vertex 1.6980333e+01 1.0460308e+02 4.7562115e+02
			vertex 1.9166834e+01 1.0692991e+02 4.7482532e+02
			vertex -1.3543754e+00 1.0692991e+02 4.1844379e+02
		endloop 
	endfacet 
	facet normal -5.7952482e-01 7.8718460e-01 2.1092980e-01
		outer loop
			vertex 1.4546221e+01 1.0257369e+02 4.7650711e+02
			vertex 1.6980333e+01 1.0460308e+02 4.7562115e+02
			vertex -3.5408762e+00 1.0460308e+02 4.1923959e+02
		endloop 
	endfacet 
	facet normal -4.8613971e-01 8.5578048e-01 1.7694038e-01
		outer loop
			vertex 1.1899991e+01 1.0087132e+02 4.7747025e+02
			vertex 1.4546221e+01 1.0257369e+02 4.7650711e+02
			vertex -5.9749885e+00 1.0257369e+02 4.2012555e+02
		endloop 
	endfacet 
	facet normal -3.8566232e-01 9.1189975e-01 1.4036958e-01
		outer loop
			vertex 9.0802336e+00 9.9520805e+01 4.7849655e+02
			vertex 1.1899991e+01 1.0087132e+02 4.7747025e+02
			vertex -8.6212168e+00 1.0087132e+02 4.2108868e+02
		endloop 
	endfacet 
	facet normal -2.7956203e-01 9.5472068e-01 1.0175224e-01
		outer loop
			vertex 6.1280661e+00 9.8541832e+01 4.7957104e+02
			vertex 9.0802336e+00 9.9520805e+01 4.7849655e+02
			vertex -1.1440974e+01 9.9520805e+01 4.2211499e+02
		endloop 
	endfacet 
	facet normal -1.6938296e-01 9.8362017e-01 6.1650347e-02
		outer loop
			vertex 3.0865374e+00 9.7948685e+01 4.8067807e+02
			vertex 6.1280661e+00 9.8541832e+01 4.7957104e+02
			vertex -1.4393143e+01 9.8541832e+01 4.2318948e+02
		endloop 
	endfacet 
	facet normal -5.6737624e-02 9.9817544e-01 2.0650804e-02
		outer loop
			vertex 2.4930946e-14 9.7750000e+01 4.8180148e+02
			vertex 3.0865374e+00 9.7948685e+01 4.8067807e+02
			vertex -1.7434671e+01 9.7948685e+01 4.2429651e+02
		endloop 
	endfacet 
	facet normal 5.6737624e-02 9.9817544e-01 -2.0650802e-02
		outer loop
			vertex -3.0865374e+00 9.7948685e+01 4.8292490e+02
			vertex 2.4930946e-14 9.7750000e+01 4.8180148e+02
			vertex -2.0521208e+01 9.7750000e+01 4.2541992e+02
		endloop 
	endfacet 
	facet normal 1.6938296e-01 9.8362017e-01 -6.1650347e-02
		outer loop
			vertex -6.1280661e+00 9.8541832e+01 4.8403192e+02
			vertex -3.0865374e+00 9.7948685e+01 4.8292490e+02
			vertex -2.3607746e+01 9.7948685e+01 4.2654333e+02
		endloop 
	endfacet 
	facet normal 2.7956203e-01 9.5472068e-01 -1.0175225e-01
		outer loop
			vertex -9.0802336e+00 9.9520805e+01 4.8510641e+02
			vertex -6.1280661e+00 9.8541832e+01 4.8403192e+02
			vertex -2.6649275e+01 9.8541832e+01 4.2765036e+02
		endloop 
	endfacet 
	facet normal 3.8566232e-01 9.1189975e-01 -1.4036958e-01
		outer loop
			vertex -1.1899991e+01 1.0087132e+02 4.8613272e+02
			vertex -9.0802336e+00 9.9520805e+01 4.8510641e+02
			vertex -2.9601442e+01 9.9520805e+01 4.2872485e+02
		endloop 
	endfacet 
	facet normal 4.8613840e-01 8.5578132e-01 -1.7693990e-01
		outer loop
			vertex -1.4546221e+01 1.0257369e+02 4.8709589e+02
			vertex -1.1899991e+01 1.0087132e+02 4.8613272e+02
			vertex -3.2421200e+01 1.0087132e+02 4.2975116e+02
		endloop 
	endfacet 
	facet normal 5.7952631e-01 7.8718334e-01 -2.1093029e-01
		outer loop
			vertex -1.6980333e+01 1.0460308e+02 4.8798181e+02
			vertex -1.4546221e+01 1.0257369e+02 4.8709589e+02
			vertex -3.5067429e+01 1.0257369e+02 4.3071432e+02
		endloop 
	endfacet 
	facet normal 6.6446263e-01 7.0710731e-01 -2.4184471e-01
		outer loop
			vertex -1.9166834e+01 1.0692991e+02 4.8877765e+02
			vertex -1.6980333e+01 1.0460308e+02 4.8798181e+02
			vertex -3.7501541e+01 1.0460308e+02 4.3160028e+02
		endloop 
	endfacet 
	facet normal 7.3971009e-01 6.1671937e-01 -2.6923245e-01
		outer loop
			vertex -2.1073839e+01 1.0952023e+02 4.8947174e+02
			vertex -1.9166834e+01 1.0692991e+02 4.8877765e+02
			vertex -3.9688042e+01 1.0692991e+02 4.3239609e+02
		endloop 
	endfacet 
	facet normal 8.0417174e-01 5.1733720e-01 -2.9269451e-01
		outer loop
			vertex -2.2673540e+01 1.1233630e+02 4.9005399e+02
			vertex -2.1073839e+01 1.0952023e+02 4.8947174e+02
			vertex -4.1595047e+01 1.0952023e+02 4.3309018e+02
		endloop 
	endfacet 
	facet normal 8.5690486e-01 4.1041431e-01 -3.1188783e-01
		outer loop
			vertex -2.3942610e+01 1.1533701e+02 4.9051590e+02
			vertex -2.2673540e+01 1.1233630e+02 4.9005399e+02
			vertex -4.3194748e+01 1.1233630e+02 4.3367242e+02
		endloop 
	endfacet 
	facet normal 8.9714479e-01 2.9750082e-01 -3.2653400e-01
		outer loop
			vertex -2.4862541e+01 1.1847865e+02 4.9085071e+02
			vertex -2.3942610e+01 1.1533701e+02 4.9051590e+02
			vertex -4.4463818e+01 1.1533701e+02 4.3413434e+02
		endloop 
	endfacet 
	facet normal 9.2430025e-01 1.8025582e-01 -3.3641782e-01
		outer loop
			vertex -2.5419922e+01 1.2171538e+02 4.9105359e+02
			vertex -2.4862541e+01 1.1847865e+02 4.9085071e+02
			vertex -4.5383751e+01 1.1847865e+02 4.3446915e+02
		endloop 
	endfacet 
	facet normal 9.3797815e-01 6.0379930e-02 -3.4139615e-01
		outer loop
			vertex -2.5606625e+01 1.2500000e+02 4.9112155e+02
			vertex -2.5419922e+01 1.2171538e+02 4.9105359e+02
			vertex -4.5941132e+01 1.2171538e+02 4.3467203e+02
		endloop 
	endfacet 
	facet normal 9.3797809e-01 -6.0379930e-02 -3.4139609e-01
		outer loop
			vertex -2.5419922e+01 1.2828462e+02 4.9105359e+02
			vertex -2.5606625e+01 1.2500000e+02 4.9112155e+02
			vertex -4.6127834e+01 1.2500000e+02 4.3473999e+02
		endloop 
	endfacet 
	facet normal 9.2430025e-01 -1.8025623e-01 -3.3641782e-01
		outer loop
			vertex -2.4862541e+01 1.3152135e+02 4.9085071e+02
			vertex -2.5419922e+01 1.2828462e+02 4.9105359e+02
			vertex -4.5941132e+01 1.2828462e+02 4.3467203e+02
		endloop 
	endfacet 
	facet normal 8.9714479e-01 -2.9750079e-01 -3.2653400e-01
		outer loop
			vertex -2.3942610e+01 1.3466298e+02 4.9051590e+02
			vertex -2.4862541e+01 1.3152135e+02 4.9085071e+02
			vertex -4.5383751e+01 1.3152135e+02 4.3446915e+02
		endloop 
	endfacet 
	facet normal 8.5690564e-01 -4.1041261e-01 -3.1188813e-01
		outer loop
			vertex -2.2673540e+01 1.3766371e+02 4.9005399e+02
			vertex -2.3942610e+01 1.3466298e+02 4.9051590e+02
			vertex -4.4463818e+01 1.3466298e+02 4.3413434e+02
		endloop 
	endfacet 
	facet normal 8.0417120e-01 -5.1733828e-01 -2.9269436e-01
		outer loop
			vertex -2.1073839e+01 1.4047977e+02 4.8947174e+02
			vertex -2.2673540e+01 1.3766371e+02 4.9005399e+02
			vertex -4.3194748e+01 1.3766371e+02 4.3367242e+02
		endloop 
	endfacet 
	facet normal 7.3971099e-01 -6.1671817e-01 -2.6923275e-01
		outer loop
			vertex -1.9166834e+01 1.4307010e+02 4.8877765e+02
			vertex -2.1073839e+01 1.4047977e+02 4.8947174e+02
			vertex -4.1595047e+01 1.4047977e+02 4.3309018e+02
		endloop 
	endfacet 
	facet normal 6.6446042e-01 -7.0710957e-01 -2.4184380e-01
		outer loop
			vertex -1.6980333e+01 1.4539691e+02 4.8798181e+02
			vertex -1.9166834e+01 1.4307010e+02 4.8877765e+02
			vertex -3.9688042e+01 1.4307010e+02 4.3239609e+02
		endloop 
	endfacet 
	facet normal 5.7952893e-01 -7.8718108e-01 -2.1093139e-01
		outer loop
			vertex -1.4546221e+01 1.4742632e+02 4.8709589e+02
			vertex -1.6980333e+01 1.4539691e+02 4.8798181e+02
			vertex -3.7501541e+01 1.4539691e+02 4.3160028e+02
		endloop 
	endfacet 
	facet normal 4.8613679e-01 -8.5578233e-01 -1.7693931e-01
		outer loop
			vertex -1.1899991e+01 1.4912868e+02 4.8613272e+02
			vertex -1.4546221e+01 1.4742632e+02 4.8709589e+02
			vertex -3.5067429e+01 1.4742632e+02 4.3071432e+02
		endloop 
	endfacet 
	facet normal 3.8566047e-01 -9.1190046e-01 -1.4036892e-01
		outer loop
			vertex -9.0802336e+00 1.5047919e+02 4.8510641e+02
			vertex -1.1899991e+01 1.4912868e+02 4.8613272e+02
			vertex -3.2421200e+01 1.4912868e+02 4.2975116e+02
		endloop 
	endfacet 
	facet normal 2.7956203e-01 -9.5472068e-01 -1.0175227e-01
		outer loop
			vertex -6.1280661e+00 1.5145816e+02 4.8403192e+02
			vertex -9.0802336e+00 1.5047919e+02 4.8510641e+02
			vertex -2.9601442e+01 1.5047919e+02 4.2872485e+02
		endloop 
	endfacet 
	facet normal 1.6938506e-01 -9.8361981e-01 -6.1651111e-02
		outer loop
			vertex -3.0865374e+00 1.5205132e+02 4.8292490e+02
			vertex -6.1280661e+00 1.5145816e+02 4.8403192e+02
			vertex -2.6649275e+01 1.5145816e+02 4.2765036e+02
		endloop 
	endfacet 
	facet normal 5.6737624e-02 -9.9817544e-01 -2.0650804e-02
		outer loop
			vertex 1.7951332e-14 1.5225000e+02 4.8180148e+02
			vertex -3.0865374e+00 1.5205132e+02 4.8292490e+02
			vertex -2.3607746e+01 1.5205132e+02 4.2654333e+02
		endloop 
	endfacet 
	facet normal -5.6737624e-02 -9.9817544e-01 2.0650804e-02
		outer loop
			vertex 3.0865374e+00 1.5205132e+02 4.8067807e+02
			vertex 1.7951332e-14 1.5225000e+02 4.8180148e+02
			vertex -2.0521208e+01 1.5225000e+02 4.2541992e+02
		endloop 
	endfacet 
	facet normal -1.6938506e-01 -9.8361981e-01 6.1651111e-02
		outer loop
			vertex 6.1280661e+00 1.5145816e+02 4.7957104e+02
			vertex 3.0865374e+00 1.5205132e+02 4.8067807e+02
			vertex -1.7434671e+01 1.5205132e+02 4.2429651e+02
		endloop 
	endfacet 
	facet normal -2.7956203e-01 -9.5472068e-01 1.0175227e-01
		outer loop
			vertex 9.0802336e+00 1.5047919e+02 4.7849655e+02
			vertex 6.1280661e+00 1.5145816e+02 4.7957104e+02
			vertex -1.4393143e+01 1.5145816e+02 4.2318948e+02
		endloop 
	endfacet 
	facet normal -3.8566047e-01 -9.1190046e-01 1.4036892e-01
		outer loop
			vertex 1.1899991e+01 1.4912868e+02 4.7747025e+02
			vertex 9.0802336e+00 1.5047919e+02 4.7849655e+02
			vertex -1.1440974e+01 1.5047919e+02 4.2211499e+02
		endloop 
	endfacet 
	facet normal -4.8613808e-01 -8.5578156e-01 1.7693980e-01
		outer loop
			vertex 1.4546221e+01 1.4742632e+02 4.7650711e+02
			vertex 1.1899991e+01 1.4912868e+02 4.7747025e+02
			vertex -8.6212168e+00 1.4912868e+02 4.2108868e+02
		endloop 
	endfacet 
	facet normal -5.7952756e-01 -7.8718233e-01 2.1093079e-01
		outer loop
			vertex 1.6980333e+01 1.4539691e+02 4.7562115e+02
			vertex 1.4546221e+01 1.4742632e+02 4.7650711e+02
			vertex -5.9749885e+00 1.4742632e+02 4.2012555e+02
		endloop 
	endfacet 
	facet normal -6.6446042e-01 -7.0710957e-01 2.4184382e-01
		outer loop
			vertex 1.9166834e+01 1.4307010e+02 4.7482532e+02
			vertex 1.6980333e+01 1.4539691e+02 4.7562115e+02
			vertex -3.5408762e+00 1.4539691e+02 4.1923959e+02
		endloop 
	endfacet 
	facet normal -7.3971093e-01 -6.1671823e-01 2.6923290e-01
		outer loop
			vertex 2.1073839e+01 1.4047977e+02 4.7413123e+02
			vertex 1.9166834e+01 1.4307010e+02 4.7482532e+02
			vertex -1.3543754e+00 1.4307010e+02 4.1844379e+02
		endloop 
	endfacet 
	facet normal -8.0417109e-01 -5.1733822e-01 2.9269451e-01
		outer loop
			vertex 2.2673540e+01 1.3766371e+02 4.7354898e+02
			vertex 2.1073839e+01 1.4047977e+02 4.7413123e+02
			vertex 5.5262977e-01 1.4047977e+02 4.1774969e+02
		endloop 
	endfacet 
	facet normal -8.5690665e-01 -4.1040999e-01 3.1188866e-01
		outer loop
			vertex 2.3942610e+01 1.3466298e+02 4.7308710e+02
			vertex 2.2673540e+01 1.3766371e+02 4.7354898e+02
			vertex 2.1523309e+00 1.3766371e+02 4.1716745e+02
		endloop 
	endfacet 
	facet normal -8.9714402e-01 -2.9750368e-01 3.2653370e-01
		outer loop
			vertex 2.4862541e+01 1.3152135e+02 4.7275226e+02
			vertex 2.3942610e+01 1.3466298e+02 4.7308710e+02
			vertex 3.4214008e+00 1.3466298e+02 4.1670554e+02
		endloop 
	endfacet 
	facet normal -9.2430073e-01 -1.8025315e-01 3.3641794e-01
		outer loop
			vertex 2.5419922e+01 1.2828462e+02 4.7254941e+02
			vertex 2.4862541e+01 1.3152135e+02 4.7275226e+02
			vertex 4.3413334e+00 1.3152135e+02 4.1637070e+02
		endloop 
	endfacet 
	facet normal -9.3797809e-01 -6.0379922e-02 3.4139603e-01
		outer loop
			vertex 2.5606625e+01 1.2500000e+02 4.7248145e+02
			vertex 2.5419922e+01 1.2828462e+02 4.7254941e+02
			vertex 4.8987141e+00 1.2828462e+02 4.1616785e+02
		endloop 
	endfacet 
	facet normal 3.4201890e-01 5.4552970e-06 9.3969309e-01
		outer loop
			vertex -2.0521208e+01 1.2500000e+02 4.2541992e+02
			vertex 4.8987141e+00 1.2828462e+02 4.1616785e+02
			vertex 4.3413334e+00 1.3152135e+02 4.1637070e+02
		endloop 
	endfacet 
	facet normal 3.4202081e-01 -3.0046701e-06 9.3969238e-01
		outer loop
			vertex 4.3413334e+00 1.3152135e+02 4.1637070e+02
			vertex 3.4214008e+00 1.3466298e+02 4.1670554e+02
			vertex -2.0521208e+01 1.2500000e+02 4.2541992e+02
		endloop 
	endfacet 
	facet normal 3.4202084e-01 -2.9300793e-06 9.3969238e-01
		outer loop
			vertex 3.4214008e+00 1.3466298e+02 4.1670554e+02
			vertex 2.1523309e+00 1.3766371e+02 4.1716745e+02
			vertex -2.0521208e+01 1.2500000e+02 4.2541992e+02
		endloop 
	endfacet 
	facet normal 3.4201971e-01 -7.0322147e-07 9.3969280e-01
		outer loop
			vertex 2.1523309e+00 1.3766371e+02 4.1716745e+02
			vertex 5.5262977e-01 1.4047977e+02 4.1774969e+02
			vertex -2.0521208e+01 1.2500000e+02 4.2541992e+02
		endloop 
	endfacet 
	facet normal 3.4201938e-01 -1.7047768e-07 9.3969291e-01
		outer loop
			vertex 5.5262977e-01 1.4047977e+02 4.1774969e+02
			vertex -1.3543754e+00 1.4307010e+02 4.1844379e+02
			vertex -2.0521208e+01 1.2500000e+02 4.2541992e+02
		endloop 
	endfacet 
	facet normal 3.4201714e-01 2.5571774e-06 9.3969381e-01
		outer loop
			vertex -1.3543754e+00 1.4307010e+02 4.1844379e+02
			vertex -3.5408762e+00 1.4539691e+02 4.1923959e+02
			vertex -2.0521208e+01 1.2500000e+02 4.2541992e+02
		endloop 
	endfacet 
	facet normal 3.4202230e-01 -2.3440630e-06 9.3969190e-01
		outer loop
			vertex -3.5408762e+00 1.4539691e+02 4.1923959e+02
			vertex -5.9749885e+00 1.4742632e+02 4.2012555e+02
			vertex -2.0521208e+01 1.2500000e+02 4.2541992e+02
		endloop 
	endfacet 
	facet normal 3.4201685e-01 1.6728168e-06 9.3969375e-01
		outer loop
			vertex -5.9749885e+00 1.4742632e+02 4.2012555e+02
			vertex -8.6212168e+00 1.4912868e+02 4.2108868e+02
			vertex -2.0521208e+01 1.2500000e+02 4.2541992e+02
		endloop 
	endfacet 
	facet normal 3.4201968e-01 7.4584115e-08 9.3969274e-01
		outer loop
			vertex -8.6212168e+00 1.4912868e+02 4.2108868e+02
			vertex -1.1440974e+01 1.5047919e+02 4.2211499e+02
			vertex -2.0521208e+01 1.2500000e+02 4.2541992e+02
		endloop 
	endfacet 
	facet normal 3.4201810e-01 7.1387626e-07 9.3969339e-01
		outer loop
			vertex -1.1440974e+01 1.5047919e+02 4.2211499e+02
			vertex -1.4393143e+01 1.5145816e+02 4.2318948e+02
			vertex -2.0521208e+01 1.2500000e+02 4.2541992e+02
		endloop 
	endfacet 
	facet normal 3.4202000e-01 2.1842470e-07 9.3969274e-01
		outer loop
			vertex -1.4393143e+01 1.5145816e+02 4.2318948e+02
			vertex -1.7434671e+01 1.5205132e+02 4.2429651e+02
			vertex -2.0521208e+01 1.2500000e+02 4.2541992e+02
		endloop 
	endfacet 
	facet normal 3.4202164e-01 0.0000000e+00 9.3969202e-01
		outer loop
			vertex -1.7434671e+01 1.5205132e+02 4.2429651e+02
			vertex -2.0521208e+01 1.5225000e+02 4.2541992e+02
			vertex -2.0521208e+01 1.2500000e+02 4.2541992e+02
		endloop 
	endfacet 
	facet normal 3.4202150e-01 0.0000000e+00 9.3969214e-01
		outer loop
			vertex -2.0521208e+01 1.5225000e+02 4.2541992e+02
			vertex -2.3607746e+01 1.5205132e+02 4.2654333e+02
			vertex -2.0521208e+01 1.2500000e+02 4.2541992e+02
		endloop 
	endfacet 
	facet normal 3.4201998e-01 -1.9711497e-07 9.3969274e-01
		outer loop
			vertex -2.3607746e+01 1.5205132e+02 4.2654333e+02
			vertex -2.6649275e+01 1.5145816e+02 4.2765036e+02
			vertex -2.0521208e+01 1.2500000e+02 4.2541992e+02
		endloop 
	endfacet 
	facet normal 3.4201819e-01 -6.6592946e-07 9.3969339e-01
		outer loop
			vertex -2.6649275e+01 1.5145816e+02 4.2765036e+02
			vertex -2.9601442e+01 1.5047919e+02 4.2872485e+02
			vertex -2.0521208e+01 1.2500000e+02 4.2541992e+02
		endloop 
	endfacet 
	facet normal 3.4201965e-01 -6.3929235e-08 9.3969274e-01
		outer loop
			vertex -2.9601442e+01 1.5047919e+02 4.2872485e+02
			vertex -3.2421200e+01 1.4912868e+02 4.2975116e+02
			vertex -2.0521208e+01 1.2500000e+02 4.2541992e+02
		endloop 
	endfacet 
	facet normal 3.4202406e-01 2.3866871e-06 9.3969119e-01
		outer loop
			vertex -3.2421200e+01 1.4912868e+02 4.2975116e+02
			vertex -3.5067429e+01 1.4742632e+02 4.3071432e+02
			vertex -2.0521208e+01 1.2500000e+02 4.2541992e+02
		endloop 
	endfacet 
	facet normal 3.4202290e-01 1.5236404e-06 9.3969166e-01
		outer loop
			vertex -3.5067429e+01 1.4742632e+02 4.3071432e+02
			vertex -3.7501541e+01 1.4539691e+02 4.3160028e+02
			vertex -2.0521208e+01 1.2500000e+02 4.2541992e+02
		endloop 
	endfacet 
	facet normal 3.4201780e-01 -3.2603998e-06 9.3969339e-01
		outer loop
			vertex -3.7501541e+01 1.4539691e+02 4.3160028e+02
			vertex -3.9688042e+01 1.4307010e+02 4.3239609e+02
			vertex -2.0521208e+01 1.2500000e+02 4.2541992e+02
		endloop 
	endfacet 
	facet normal 3.4202009e-01 -4.7946827e-07 9.3969262e-01
		outer loop
			vertex -3.9688042e+01 1.4307010e+02 4.3239609e+02
			vertex -4.1595047e+01 1.4047977e+02 4.3309018e+02
			vertex -2.0521208e+01 1.2500000e+02 4.2541992e+02
		endloop 
	endfacet 
	facet normal 3.4202054e-01 1.9178761e-07 9.3969244e-01
		outer loop
			vertex -4.1595047e+01 1.4047977e+02 4.3309018e+02
			vertex -4.3194748e+01 1.3766371e+02 4.3367242e+02
			vertex -2.0521208e+01 1.2500000e+02 4.2541992e+02
		endloop 
	endfacet 
	facet normal 3.4202173e-01 2.5358495e-06 9.3969208e-01
		outer loop
			vertex -4.3194748e+01 1.3766371e+02 4.3367242e+02
			vertex -4.4463818e+01 1.3466298e+02 4.3413434e+02
			vertex -2.0521208e+01 1.2500000e+02 4.2541992e+02
		endloop 
	endfacet 
	facet normal 3.4201887e-01 -5.5405299e-06 9.3969315e-01
		outer loop
			vertex -4.4463818e+01 1.3466298e+02 4.3413434e+02
			vertex -4.5383751e+01 1.3152135e+02 4.3446915e+02
			vertex -2.0521208e+01 1.2500000e+02 4.2541992e+02
		endloop 
	endfacet 
	facet normal 3.4202084e-01 3.0259826e-06 9.3969244e-01
		outer loop
			vertex -4.5383751e+01 1.3152135e+02 4.3446915e+02
			vertex -4.5941132e+01 1.2828462e+02 4.3467203e+02
			vertex -2.0521208e+01 1.2500000e+02 4.2541992e+02
		endloop 
	endfacet 
	facet normal 3.4202078e-01 2.3680443e-06 9.3969244e-01
		outer loop
			vertex -4.5941132e+01 1.2828462e+02 4.3467203e+02
			vertex -4.6127834e+01 1.2500000e+02 4.3473999e+02
			vertex -2.0521208e+01 1.2500000e+02 4.2541992e+02
		endloop 
	endfacet 
	facet normal 3.4202078e-01 -2.3680443e-06 9.3969244e-01
		outer loop
			vertex -4.6127834e+01 1.2500000e+02 4.3473999e+02
			vertex -4.5941132e+01 1.2171538e+02 4.3467203e+02
			vertex -2.0521208e+01 1.2500000e+02 4.2541992e+02
		endloop 
	endfacet 
	facet normal 3.4202081e-01 -3.0313026e-06 9.3969238e-01
		outer loop
			vertex -4.5941132e+01 1.2171538e+02 4.3467203e+02
			vertex -4.5383751e+01 1.1847865e+02 4.3446915e+02
			vertex -2.0521208e+01 1.2500000e+02 4.2541992e+02
		endloop 
	endfacet 
	facet normal 3.4201884e-01 5.5405294e-06 9.3969315e-01
		outer loop
			vertex -4.5383751e+01 1.1847865e+02 4.3446915e+02
			vertex -4.4463818e+01 1.1533701e+02 4.3413434e+02
			vertex -2.0521208e+01 1.2500000e+02 4.2541992e+02
		endloop 
	endfacet 
	facet normal 3.4202173e-01 -2.5358602e-06 9.3969208e-01
		outer loop
			vertex -4.4463818e+01 1.1533701e+02 4.3413434e+02
			vertex -4.3194748e+01 1.1233630e+02 4.3367242e+02
			vertex -2.0521208e+01 1.2500000e+02 4.2541992e+02
		endloop 
	endfacet 
	facet normal 3.4202057e-01 -1.8113239e-07 9.3969244e-01
		outer loop
			vertex -4.3194748e+01 1.1233630e+02 4.3367242e+02
			vertex -4.1595047e+01 1.0952023e+02 4.3309018e+02
			vertex -2.0521208e+01 1.2500000e+02 4.2541992e+02
		endloop 
	endfacet 
	facet normal 3.4202015e-01 4.7946924e-07 9.3969268e-01
		outer loop
			vertex -4.1595047e+01 1.0952023e+02 4.3309018e+02
			vertex -3.9688042e+01 1.0692991e+02 4.3239609e+02
			vertex -2.0521208e+01 1.2500000e+02 4.2541992e+02
		endloop 
	endfacet 
	facet normal 3.4201780e-01 3.2603891e-06 9.3969351e-01
		outer loop
			vertex -3.9688042e+01 1.0692991e+02 4.3239609e+02
			vertex -3.7501541e+01 1.0460308e+02 4.3160028e+02
			vertex -2.0521208e+01 1.2500000e+02 4.2541992e+02
		endloop 
	endfacet 
	facet normal 3.4202287e-01 -1.5236448e-06 9.3969160e-01
		outer loop
			vertex -3.7501541e+01 1.0460308e+02 4.3160028e+02
			vertex -3.5067429e+01 1.0257369e+02 4.3071432e+02
			vertex -2.0521208e+01 1.2500000e+02 4.2541992e+02
		endloop 
	endfacet 
	facet normal 3.4202406e-01 -2.3866844e-06 9.3969119e-01
		outer loop
			vertex -3.5067429e+01 1.0257369e+02 4.3071432e+02
			vertex -3.2421200e+01 1.0087132e+02 4.2975116e+02
			vertex -2.0521208e+01 1.2500000e+02 4.2541992e+02
		endloop 
	endfacet 
	facet normal 3.4201971e-01 6.3929178e-08 9.3969285e-01
		outer loop
			vertex -3.2421200e+01 1.0087132e+02 4.2975116e+02
			vertex -2.9601442e+01 9.9520805e+01 4.2872485e+02
			vertex -2.0521208e+01 1.2500000e+02 4.2541992e+02
		endloop 
	endfacet 
	facet normal 3.4201819e-01 6.7125683e-07 9.3969339e-01
		outer loop
			vertex -2.9601442e+01 9.9520805e+01 4.2872485e+02
			vertex -2.6649275e+01 9.8541832e+01 4.2765036e+02
			vertex -2.0521208e+01 1.2500000e+02 4.2541992e+02
		endloop 
	endfacet 
	facet normal 3.4202000e-01 1.9711503e-07 9.3969274e-01
		outer loop
			vertex -2.6649275e+01 9.8541832e+01 4.2765036e+02
			vertex -2.3607746e+01 9.7948685e+01 4.2654333e+02
			vertex -2.0521208e+01 1.2500000e+02 4.2541992e+02
		endloop 
	endfacet 
	facet normal 3.4202150e-01 0.0000000e+00 9.3969214e-01
		outer loop
			vertex -2.3607746e+01 9.7948685e+01 4.2654333e+02
			vertex -2.0521208e+01 9.7750000e+01 4.2541992e+02
			vertex -2.0521208e+01 1.2500000e+02 4.2541992e+02
		endloop 
	endfacet 
	facet normal 3.4202167e-01 -0.0000000e+00 9.3969202e-01
		outer loop
			vertex -2.0521208e+01 9.7750000e+01 4.2541992e+02
			vertex -1.7434671e+01 9.7948685e+01 4.2429651e+02
			vertex -2.0521208e+01 1.2500000e+02 4.2541992e+02
		endloop 
	endfacet 
	facet normal 3.4201998e-01 -2.2108847e-07 9.3969274e-01
		outer loop
			vertex -1.7434671e+01 9.7948685e+01 4.2429651e+02
			vertex -1.4393143e+01 9.8541832e+01 4.2318948e+02
			vertex -2.0521208e+01 1.2500000e+02 4.2541992e+02
		endloop 
	endfacet 
	facet normal 3.4201810e-01 -7.1387603e-07 9.3969339e-01
		outer loop
			vertex -1.4393143e+01 9.8541832e+01 4.2318948e+02
			vertex -1.1440974e+01 9.9520805e+01 4.2211499e+02
			vertex -2.0521208e+01 1.2500000e+02 4.2541992e+02
		endloop 
	endfacet 
	facet normal 3.4201974e-01 -7.4584044e-08 9.3969285e-01
		outer loop
			vertex -1.1440974e+01 9.9520805e+01 4.2211499e+02
			vertex -8.6212168e+00 1.0087132e+02 4.2108868e+02
			vertex -2.0521208e+01 1.2500000e+02 4.2541992e+02
		endloop 
	endfacet 
	facet normal 3.4201682e-01 -1.6621601e-06 9.3969387e-01
		outer loop
			vertex -8.6212168e+00 1.0087132e+02 4.2108868e+02
			vertex -5.9749885e+00 1.0257369e+02 4.2012555e+02
			vertex -2.0521208e+01 1.2500000e+02 4.2541992e+02
		endloop 
	endfacet 
	facet normal 3.4202233e-01 2.3440698e-06 9.3969190e-01
		outer loop
			vertex -5.9749885e+00 1.0257369e+02 4.2012555e+02
			vertex -3.5408762e+00 1.0460308e+02 4.1923959e+02
			vertex -2.0521208e+01 1.2500000e+02 4.2541992e+02
		endloop 
	endfacet 
	facet normal 3.4201708e-01 -2.5571685e-06 9.3969375e-01
		outer loop
			vertex -3.5408762e+00 1.0460308e+02 4.1923959e+02
			vertex -1.3543754e+00 1.0692991e+02 4.1844379e+02
			vertex -2.0521208e+01 1.2500000e+02 4.2541992e+02
		endloop 
	endfacet 
	facet normal 3.4201938e-01 1.8113289e-07 9.3969291e-01
		outer loop
			vertex -1.3543754e+00 1.0692991e+02 4.1844379e+02
			vertex 5.5262977e-01 1.0952023e+02 4.1774969e+02
			vertex -2.0521208e+01 1.2500000e+02 4.2541992e+02
		endloop 
	endfacet 
	facet normal 3.4201971e-01 7.0322011e-07 9.3969274e-01
		outer loop
			vertex 5.5262977e-01 1.0952023e+02 4.1774969e+02
			vertex 2.1523309e+00 1.1233630e+02 4.1716745e+02
			vertex -2.0521208e+01 1.2500000e+02 4.2541992e+02
		endloop 
	endfacet 
	facet normal 3.4202081e-01 2.9407463e-06 9.3969238e-01
		outer loop
			vertex 2.1523309e+00 1.1233630e+02 4.1716745e+02
			vertex 3.4214008e+00 1.1533701e+02 4.1670554e+02
			vertex -2.0521208e+01 1.2500000e+02 4.2541992e+02
		endloop 
	endfacet 
	facet normal 3.4202084e-01 2.9940149e-06 9.3969238e-01
		outer loop
			vertex 3.4214008e+00 1.1533701e+02 4.1670554e+02
			vertex 4.3413334e+00 1.1847865e+02 4.1637070e+02
			vertex -2.0521208e+01 1.2500000e+02 4.2541992e+02
		endloop 
	endfacet 
	facet normal 3.4201887e-01 -5.4552838e-06 9.3969309e-01
		outer loop
			vertex 4.3413334e+00 1.1847865e+02 4.1637070e+02
			vertex 4.8987141e+00 1.2171538e+02 4.1616785e+02
			vertex -2.0521208e+01 1.2500000e+02 4.2541992e+02
		endloop 
	endfacet 
	facet normal 3.4201980e-01 2.5771471e-06 9.3969280e-01
		outer loop
			vertex 4.8987141e+00 1.2171538e+02 4.1616785e+02
			vertex 5.0854154e+00 1.2500000e+02 4.1609988e+02
			vertex -2.0521208e+01 1.2500000e+02 4.2541992e+02
		endloop 
	endfacet 
	facet normal 3.4201980e-01 -2.5771474e-06 9.3969274e-01
		outer loop
			vertex 5.0854154e+00 1.2500000e+02 4.1609988e+02
			vertex 4.8987141e+00 1.2828462e+02 4.1616785e+02
			vertex -2.0521208e+01 1.2500000e+02 4.2541992e+02
		endloop 
	endfacet 
endsolid 
