solid scaled_model
facet normal 0.342019 0.000005 0.939693
outer loop
vertex -0.020521 -0.125000 0.425420
vertex 0.004899 -0.121715 0.416168
vertex 0.004341 -0.118479 0.416371
endloop
endfacet
facet normal 0.342021 -0.000003 0.939692
outer loop
vertex 0.004341 -0.118479 0.416371
vertex 0.003421 -0.115337 0.416706
vertex -0.020521 -0.125000 0.425420
endloop
endfacet
facet normal 0.342021 -0.000003 0.939692
outer loop
vertex 0.003421 -0.115337 0.416706
vertex 0.002152 -0.112336 0.417167
vertex -0.020521 -0.125000 0.425420
endloop
endfacet
facet normal 0.342020 -0.000001 0.939693
outer loop
vertex 0.002152 -0.112336 0.417167
vertex 0.000553 -0.109520 0.417750
vertex -0.020521 -0.125000 0.425420
endloop
endfacet
facet normal 0.342019 -0.000000 0.939693
outer loop
vertex 0.000553 -0.109520 0.417750
vertex -0.001354 -0.106930 0.418444
vertex -0.020521 -0.125000 0.425420
endloop
endfacet
facet normal 0.342017 0.000003 0.939694
outer loop
vertex -0.001354 -0.106930 0.418444
vertex -0.003541 -0.104603 0.419240
vertex -0.020521 -0.125000 0.425420
endloop
endfacet
facet normal 0.342022 -0.000002 0.939692
outer loop
vertex -0.003541 -0.104603 0.419240
vertex -0.005975 -0.102574 0.420126
vertex -0.020521 -0.125000 0.425420
endloop
endfacet
facet normal 0.342017 0.000002 0.939694
outer loop
vertex -0.005975 -0.102574 0.420126
vertex -0.008621 -0.100871 0.421089
vertex -0.020521 -0.125000 0.425420
endloop
endfacet
facet normal 0.342020 0.000000 0.939693
outer loop
vertex -0.008621 -0.100871 0.421089
vertex -0.011441 -0.099521 0.422115
vertex -0.020521 -0.125000 0.425420
endloop
endfacet
facet normal 0.342018 0.000001 0.939693
outer loop
vertex -0.011441 -0.099521 0.422115
vertex -0.014393 -0.098542 0.423189
vertex -0.020521 -0.125000 0.425420
endloop
endfacet
facet normal 0.342020 0.000000 0.939693
outer loop
vertex -0.014393 -0.098542 0.423189
vertex -0.017435 -0.097949 0.424297
vertex -0.020521 -0.125000 0.425420
endloop
endfacet
facet normal 0.342022 0.000000 0.939692
outer loop
vertex -0.017435 -0.097949 0.424297
vertex -0.020521 -0.097750 0.425420
vertex -0.020521 -0.125000 0.425420
endloop
endfacet
facet normal 0.342021 0.000000 0.939692
outer loop
vertex -0.020521 -0.097750 0.425420
vertex -0.023608 -0.097949 0.426543
vertex -0.020521 -0.125000 0.425420
endloop
endfacet
facet normal 0.342020 -0.000000 0.939693
outer loop
vertex -0.023608 -0.097949 0.426543
vertex -0.026649 -0.098542 0.427650
vertex -0.020521 -0.125000 0.425420
endloop
endfacet
facet normal 0.342018 -0.000001 0.939693
outer loop
vertex -0.026649 -0.098542 0.427650
vertex -0.029601 -0.099521 0.428725
vertex -0.020521 -0.125000 0.425420
endloop
endfacet
facet normal 0.342020 -0.000000 0.939693
outer loop
vertex -0.029601 -0.099521 0.428725
vertex -0.032421 -0.100871 0.429751
vertex -0.020521 -0.125000 0.425420
endloop
endfacet
facet normal 0.342024 0.000002 0.939691
outer loop
vertex -0.032421 -0.100871 0.429751
vertex -0.035067 -0.102574 0.430714
vertex -0.020521 -0.125000 0.425420
endloop
endfacet
facet normal 0.342023 0.000002 0.939692
outer loop
vertex -0.035067 -0.102574 0.430714
vertex -0.037502 -0.104603 0.431600
vertex -0.020521 -0.125000 0.425420
endloop
endfacet
facet normal 0.342018 -0.000003 0.939693
outer loop
vertex -0.037502 -0.104603 0.431600
vertex -0.039688 -0.106930 0.432396
vertex -0.020521 -0.125000 0.425420
endloop
endfacet
facet normal 0.342020 -0.000000 0.939693
outer loop
vertex -0.039688 -0.106930 0.432396
vertex -0.041595 -0.109520 0.433090
vertex -0.020521 -0.125000 0.425420
endloop
endfacet
facet normal 0.342021 0.000000 0.939692
outer loop
vertex -0.041595 -0.109520 0.433090
vertex -0.043195 -0.112336 0.433672
vertex -0.020521 -0.125000 0.425420
endloop
endfacet
facet normal 0.342022 0.000003 0.939692
outer loop
vertex -0.043195 -0.112336 0.433672
vertex -0.044464 -0.115337 0.434134
vertex -0.020521 -0.125000 0.425420
endloop
endfacet
facet normal 0.342019 -0.000006 0.939693
outer loop
vertex -0.044464 -0.115337 0.434134
vertex -0.045384 -0.118479 0.434469
vertex -0.020521 -0.125000 0.425420
endloop
endfacet
facet normal 0.342021 0.000003 0.939692
outer loop
vertex -0.045384 -0.118479 0.434469
vertex -0.045941 -0.121715 0.434672
vertex -0.020521 -0.125000 0.425420
endloop
endfacet
facet normal 0.342021 0.000002 0.939692
outer loop
vertex -0.045941 -0.121715 0.434672
vertex -0.046128 -0.125000 0.434740
vertex -0.020521 -0.125000 0.425420
endloop
endfacet
facet normal 0.342021 -0.000002 0.939692
outer loop
vertex -0.046128 -0.125000 0.434740
vertex -0.045941 -0.128285 0.434672
vertex -0.020521 -0.125000 0.425420
endloop
endfacet
facet normal 0.342021 -0.000003 0.939692
outer loop
vertex -0.045941 -0.128285 0.434672
vertex -0.045384 -0.131521 0.434469
vertex -0.020521 -0.125000 0.425420
endloop
endfacet
facet normal 0.342019 0.000006 0.939693
outer loop
vertex -0.045384 -0.131521 0.434469
vertex -0.044464 -0.134663 0.434134
vertex -0.020521 -0.125000 0.425420
endloop
endfacet
facet normal 0.342022 -0.000003 0.939692
outer loop
vertex -0.044464 -0.134663 0.434134
vertex -0.043195 -0.137664 0.433672
vertex -0.020521 -0.125000 0.425420
endloop
endfacet
facet normal 0.342021 -0.000000 0.939692
outer loop
vertex -0.043195 -0.137664 0.433672
vertex -0.041595 -0.140480 0.433090
vertex -0.020521 -0.125000 0.425420
endloop
endfacet
facet normal 0.342020 0.000000 0.939693
outer loop
vertex -0.041595 -0.140480 0.433090
vertex -0.039688 -0.143070 0.432396
vertex -0.020521 -0.125000 0.425420
endloop
endfacet
facet normal 0.342018 0.000003 0.939693
outer loop
vertex -0.039688 -0.143070 0.432396
vertex -0.037502 -0.145397 0.431600
vertex -0.020521 -0.125000 0.425420
endloop
endfacet
facet normal 0.342023 -0.000002 0.939692
outer loop
vertex -0.037502 -0.145397 0.431600
vertex -0.035067 -0.147426 0.430714
vertex -0.020521 -0.125000 0.425420
endloop
endfacet
facet normal 0.342024 -0.000002 0.939691
outer loop
vertex -0.035067 -0.147426 0.430714
vertex -0.032421 -0.149129 0.429751
vertex -0.020521 -0.125000 0.425420
endloop
endfacet
facet normal 0.342020 0.000000 0.939693
outer loop
vertex -0.032421 -0.149129 0.429751
vertex -0.029601 -0.150479 0.428725
vertex -0.020521 -0.125000 0.425420
endloop
endfacet
facet normal 0.342018 0.000001 0.939693
outer loop
vertex -0.029601 -0.150479 0.428725
vertex -0.026649 -0.151458 0.427650
vertex -0.020521 -0.125000 0.425420
endloop
endfacet
facet normal 0.342020 0.000000 0.939693
outer loop
vertex -0.026649 -0.151458 0.427650
vertex -0.023608 -0.152051 0.426543
vertex -0.020521 -0.125000 0.425420
endloop
endfacet
facet normal 0.342021 0.000000 0.939692
outer loop
vertex -0.023608 -0.152051 0.426543
vertex -0.020521 -0.152250 0.425420
vertex -0.020521 -0.125000 0.425420
endloop
endfacet
facet normal 0.342022 -0.000000 0.939692
outer loop
vertex -0.020521 -0.152250 0.425420
vertex -0.017435 -0.152051 0.424297
vertex -0.020521 -0.125000 0.425420
endloop
endfacet
facet normal 0.342020 -0.000000 0.939693
outer loop
vertex -0.017435 -0.152051 0.424297
vertex -0.014393 -0.151458 0.423189
vertex -0.020521 -0.125000 0.425420
endloop
endfacet
facet normal 0.342018 -0.000001 0.939693
outer loop
vertex -0.014393 -0.151458 0.423189
vertex -0.011441 -0.150479 0.422115
vertex -0.020521 -0.125000 0.425420
endloop
endfacet
facet normal 0.342020 -0.000000 0.939693
outer loop
vertex -0.011441 -0.150479 0.422115
vertex -0.008621 -0.149129 0.421089
vertex -0.020521 -0.125000 0.425420
endloop
endfacet
facet normal 0.342017 -0.000002 0.939694
outer loop
vertex -0.008621 -0.149129 0.421089
vertex -0.005975 -0.147426 0.420126
vertex -0.020521 -0.125000 0.425420
endloop
endfacet
facet normal 0.342022 0.000002 0.939692
outer loop
vertex -0.005975 -0.147426 0.420126
vertex -0.003541 -0.145397 0.419240
vertex -0.020521 -0.125000 0.425420
endloop
endfacet
facet normal 0.342017 -0.000003 0.939694
outer loop
vertex -0.003541 -0.145397 0.419240
vertex -0.001354 -0.143070 0.418444
vertex -0.020521 -0.125000 0.425420
endloop
endfacet
facet normal 0.342019 0.000000 0.939693
outer loop
vertex -0.001354 -0.143070 0.418444
vertex 0.000553 -0.140480 0.417750
vertex -0.020521 -0.125000 0.425420
endloop
endfacet
facet normal 0.342020 0.000001 0.939693
outer loop
vertex 0.000553 -0.140480 0.417750
vertex 0.002152 -0.137664 0.417167
vertex -0.020521 -0.125000 0.425420
endloop
endfacet
facet normal 0.342021 0.000003 0.939692
outer loop
vertex 0.002152 -0.137664 0.417167
vertex 0.003421 -0.134663 0.416706
vertex -0.020521 -0.125000 0.425420
endloop
endfacet
facet normal 0.342021 0.000003 0.939692
outer loop
vertex 0.003421 -0.134663 0.416706
vertex 0.004341 -0.131521 0.416371
vertex -0.020521 -0.125000 0.425420
endloop
endfacet
facet normal 0.342019 -0.000005 0.939693
outer loop
vertex 0.004341 -0.131521 0.416371
vertex 0.004899 -0.128285 0.416168
vertex -0.020521 -0.125000 0.425420
endloop
endfacet
facet normal 0.342020 0.000003 0.939693
outer loop
vertex 0.004899 -0.128285 0.416168
vertex 0.005085 -0.125000 0.416100
vertex -0.020521 -0.125000 0.425420
endloop
endfacet
facet normal 0.342020 -0.000003 0.939693
outer loop
vertex 0.005085 -0.125000 0.416100
vertex 0.004899 -0.121715 0.416168
vertex -0.020521 -0.125000 0.425420
endloop
endfacet
facet normal -0.937978 -0.060380 0.341396
outer loop
vertex 0.004899 -0.121715 0.416168
vertex 0.005085 -0.125000 0.416100
vertex 0.025607 -0.125000 0.472481
endloop
endfacet
facet normal -0.924301 -0.180253 0.336418
outer loop
vertex 0.004341 -0.118479 0.416371
vertex 0.004899 -0.121715 0.416168
vertex 0.025420 -0.121715 0.472549
endloop
endfacet
facet normal -0.897144 -0.297503 0.326534
outer loop
vertex 0.003421 -0.115337 0.416706
vertex 0.004341 -0.118479 0.416371
vertex 0.024863 -0.118479 0.472752
endloop
endfacet
facet normal -0.856905 -0.410415 0.311888
outer loop
vertex 0.002152 -0.112336 0.417167
vertex 0.003421 -0.115337 0.416706
vertex 0.023943 -0.115337 0.473087
endloop
endfacet
facet normal -0.804172 -0.517336 0.292695
outer loop
vertex 0.000553 -0.109520 0.417750
vertex 0.002152 -0.112336 0.417167
vertex 0.022674 -0.112336 0.473549
endloop
endfacet
facet normal -0.739710 -0.616719 0.269233
outer loop
vertex -0.001354 -0.106930 0.418444
vertex 0.000553 -0.109520 0.417750
vertex 0.021074 -0.109520 0.474131
endloop
endfacet
facet normal -0.664464 -0.707106 0.241845
outer loop
vertex -0.003541 -0.104603 0.419240
vertex -0.001354 -0.106930 0.418444
vertex 0.019167 -0.106930 0.474825
endloop
endfacet
facet normal -0.579525 -0.787185 0.210930
outer loop
vertex -0.005975 -0.102574 0.420126
vertex -0.003541 -0.104603 0.419240
vertex 0.016980 -0.104603 0.475621
endloop
endfacet
facet normal -0.486140 -0.855780 0.176940
outer loop
vertex -0.008621 -0.100871 0.421089
vertex -0.005975 -0.102574 0.420126
vertex 0.014546 -0.102574 0.476507
endloop
endfacet
facet normal -0.385662 -0.911900 0.140370
outer loop
vertex -0.011441 -0.099521 0.422115
vertex -0.008621 -0.100871 0.421089
vertex 0.011900 -0.100871 0.477470
endloop
endfacet
facet normal -0.279562 -0.954721 0.101752
outer loop
vertex -0.014393 -0.098542 0.423189
vertex -0.011441 -0.099521 0.422115
vertex 0.009080 -0.099521 0.478497
endloop
endfacet
facet normal -0.169383 -0.983620 0.061650
outer loop
vertex -0.017435 -0.097949 0.424297
vertex -0.014393 -0.098542 0.423189
vertex 0.006128 -0.098542 0.479571
endloop
endfacet
facet normal -0.056738 -0.998176 0.020651
outer loop
vertex -0.020521 -0.097750 0.425420
vertex -0.017435 -0.097949 0.424297
vertex 0.003087 -0.097949 0.480678
endloop
endfacet
facet normal 0.056738 -0.998176 -0.020651
outer loop
vertex -0.023608 -0.097949 0.426543
vertex -0.020521 -0.097750 0.425420
vertex 0.000000 -0.097750 0.481801
endloop
endfacet
facet normal 0.169383 -0.983620 -0.061650
outer loop
vertex -0.026649 -0.098542 0.427650
vertex -0.023608 -0.097949 0.426543
vertex -0.003087 -0.097949 0.482925
endloop
endfacet
facet normal 0.279562 -0.954721 -0.101752
outer loop
vertex -0.029601 -0.099521 0.428725
vertex -0.026649 -0.098542 0.427650
vertex -0.006128 -0.098542 0.484032
endloop
endfacet
facet normal 0.385662 -0.911900 -0.140370
outer loop
vertex -0.032421 -0.100871 0.429751
vertex -0.029601 -0.099521 0.428725
vertex -0.009080 -0.099521 0.485106
endloop
endfacet
facet normal 0.486139 -0.855781 -0.176940
outer loop
vertex -0.035067 -0.102574 0.430714
vertex -0.032421 -0.100871 0.429751
vertex -0.011900 -0.100871 0.486133
endloop
endfacet
facet normal 0.579525 -0.787185 -0.210930
outer loop
vertex -0.037502 -0.104603 0.431600
vertex -0.035067 -0.102574 0.430714
vertex -0.014546 -0.102574 0.487096
endloop
endfacet
facet normal 0.664464 -0.707106 -0.241845
outer loop
vertex -0.039688 -0.106930 0.432396
vertex -0.037502 -0.104603 0.431600
vertex -0.016980 -0.104603 0.487982
endloop
endfacet
facet normal 0.739710 -0.616719 -0.269232
outer loop
vertex -0.041595 -0.109520 0.433090
vertex -0.039688 -0.106930 0.432396
vertex -0.019167 -0.106930 0.488778
endloop
endfacet
facet normal 0.804172 -0.517336 -0.292695
outer loop
vertex -0.043195 -0.112336 0.433672
vertex -0.041595 -0.109520 0.433090
vertex -0.021074 -0.109520 0.489472
endloop
endfacet
facet normal 0.856905 -0.410415 -0.311888
outer loop
vertex -0.044464 -0.115337 0.434134
vertex -0.043195 -0.112336 0.433672
vertex -0.022674 -0.112336 0.490054
endloop
endfacet
facet normal 0.897145 -0.297501 -0.326534
outer loop
vertex -0.045384 -0.118479 0.434469
vertex -0.044464 -0.115337 0.434134
vertex -0.023943 -0.115337 0.490516
endloop
endfacet
facet normal 0.924300 -0.180256 -0.336418
outer loop
vertex -0.045941 -0.121715 0.434672
vertex -0.045384 -0.118479 0.434469
vertex -0.024863 -0.118479 0.490851
endloop
endfacet
facet normal 0.937978 -0.060380 -0.341396
outer loop
vertex -0.046128 -0.125000 0.434740
vertex -0.045941 -0.121715 0.434672
vertex -0.025420 -0.121715 0.491054
endloop
endfacet
facet normal 0.937978 0.060380 -0.341396
outer loop
vertex -0.045941 -0.128285 0.434672
vertex -0.046128 -0.125000 0.434740
vertex -0.025607 -0.125000 0.491122
endloop
endfacet
facet normal 0.924300 0.180256 -0.336418
outer loop
vertex -0.045384 -0.131521 0.434469
vertex -0.045941 -0.128285 0.434672
vertex -0.025420 -0.128285 0.491054
endloop
endfacet
facet normal 0.897145 0.297501 -0.326534
outer loop
vertex -0.044464 -0.134663 0.434134
vertex -0.045384 -0.131521 0.434469
vertex -0.024863 -0.131521 0.490851
endloop
endfacet
facet normal 0.856906 0.410413 -0.311888
outer loop
vertex -0.043195 -0.137664 0.433672
vertex -0.044464 -0.134663 0.434134
vertex -0.023943 -0.134663 0.490516
endloop
endfacet
facet normal 0.804171 0.517338 -0.292694
outer loop
vertex -0.041595 -0.140480 0.433090
vertex -0.043195 -0.137664 0.433672
vertex -0.022674 -0.137664 0.490054
endloop
endfacet
facet normal 0.739711 0.616718 -0.269233
outer loop
vertex -0.039688 -0.143070 0.432396
vertex -0.041595 -0.140480 0.433090
vertex -0.021074 -0.140480 0.489472
endloop
endfacet
facet normal 0.664462 0.707108 -0.241844
outer loop
vertex -0.037502 -0.145397 0.431600
vertex -0.039688 -0.143070 0.432396
vertex -0.019167 -0.143070 0.488778
endloop
endfacet
facet normal 0.579528 0.787182 -0.210931
outer loop
vertex -0.035067 -0.147426 0.430714
vertex -0.037502 -0.145397 0.431600
vertex -0.016980 -0.145397 0.487982
endloop
endfacet
facet normal 0.486137 0.855782 -0.176939
outer loop
vertex -0.032421 -0.149129 0.429751
vertex -0.035067 -0.147426 0.430714
vertex -0.014546 -0.147426 0.487096
endloop
endfacet
facet normal 0.385660 0.911901 -0.140369
outer loop
vertex -0.029601 -0.150479 0.428725
vertex -0.032421 -0.149129 0.429751
vertex -0.011900 -0.149129 0.486133
endloop
endfacet
facet normal 0.279562 0.954721 -0.101752
outer loop
vertex -0.026649 -0.151458 0.427650
vertex -0.029601 -0.150479 0.428725
vertex -0.009080 -0.150479 0.485106
endloop
endfacet
facet normal 0.169385 0.983620 -0.061651
outer loop
vertex -0.023608 -0.152051 0.426543
vertex -0.026649 -0.151458 0.427650
vertex -0.006128 -0.151458 0.484032
endloop
endfacet
facet normal 0.056738 0.998176 -0.020651
outer loop
vertex -0.020521 -0.152250 0.425420
vertex -0.023608 -0.152051 0.426543
vertex -0.003087 -0.152051 0.482925
endloop
endfacet
facet normal -0.056738 0.998176 0.020651
outer loop
vertex -0.017435 -0.152051 0.424297
vertex -0.020521 -0.152250 0.425420
vertex 0.000000 -0.152250 0.481801
endloop
endfacet
facet normal -0.169385 0.983620 0.061651
outer loop
vertex -0.014393 -0.151458 0.423189
vertex -0.017435 -0.152051 0.424297
vertex 0.003087 -0.152051 0.480678
endloop
endfacet
facet normal -0.279562 0.954721 0.101752
outer loop
vertex -0.011441 -0.150479 0.422115
vertex -0.014393 -0.151458 0.423189
vertex 0.006128 -0.151458 0.479571
endloop
endfacet
facet normal -0.385660 0.911901 0.140369
outer loop
vertex -0.008621 -0.149129 0.421089
vertex -0.011441 -0.150479 0.422115
vertex 0.009080 -0.150479 0.478497
endloop
endfacet
facet normal -0.486138 0.855781 0.176940
outer loop
vertex -0.005975 -0.147426 0.420126
vertex -0.008621 -0.149129 0.421089
vertex 0.011900 -0.149129 0.477470
endloop
endfacet
facet normal -0.579528 0.787182 0.210931
outer loop
vertex -0.003541 -0.145397 0.419240
vertex -0.005975 -0.147426 0.420126
vertex 0.014546 -0.147426 0.476507
endloop
endfacet
facet normal -0.664462 0.707108 0.241844
outer loop
vertex -0.001354 -0.143070 0.418444
vertex -0.003541 -0.145397 0.419240
vertex 0.016980 -0.145397 0.475621
endloop
endfacet
facet normal -0.739711 0.616718 0.269233
outer loop
vertex 0.000553 -0.140480 0.417750
vertex -0.001354 -0.143070 0.418444
vertex 0.019167 -0.143070 0.474825
endloop
endfacet
facet normal -0.804171 0.517338 0.292694
outer loop
vertex 0.002152 -0.137664 0.417167
vertex 0.000553 -0.140480 0.417750
vertex 0.021074 -0.140480 0.474131
endloop
endfacet
facet normal -0.856906 0.410413 0.311888
outer loop
vertex 0.003421 -0.134663 0.416706
vertex 0.002152 -0.137664 0.417167
vertex 0.022674 -0.137664 0.473549
endloop
endfacet
facet normal -0.897144 0.297504 0.326534
outer loop
vertex 0.004341 -0.131521 0.416371
vertex 0.003421 -0.134663 0.416706
vertex 0.023943 -0.134663 0.473087
endloop
endfacet
facet normal -0.924301 0.180253 0.336418
outer loop
vertex 0.004899 -0.128285 0.416168
vertex 0.004341 -0.131521 0.416371
vertex 0.024863 -0.131521 0.472752
endloop
endfacet
facet normal -0.937978 0.060380 0.341396
outer loop
vertex 0.005085 -0.125000 0.416100
vertex 0.004899 -0.128285 0.416168
vertex 0.025420 -0.128285 0.472549
endloop
endfacet
facet normal -0.937978 0.060380 0.341396
outer loop
vertex 0.025420 -0.128285 0.472549
vertex 0.025607 -0.125000 0.472481
vertex 0.005085 -0.125000 0.416100
endloop
endfacet
facet normal -0.924301 0.180253 0.336418
outer loop
vertex 0.024863 -0.131521 0.472752
vertex 0.025420 -0.128285 0.472549
vertex 0.004899 -0.128285 0.416168
endloop
endfacet
facet normal -0.897144 0.297504 0.326534
outer loop
vertex 0.023943 -0.134663 0.473087
vertex 0.024863 -0.131521 0.472752
vertex 0.004341 -0.131521 0.416371
endloop
endfacet
facet normal -0.856907 0.410410 0.311889
outer loop
vertex 0.022674 -0.137664 0.473549
vertex 0.023943 -0.134663 0.473087
vertex 0.003421 -0.134663 0.416706
endloop
endfacet
facet normal -0.804171 0.517338 0.292694
outer loop
vertex 0.021074 -0.140480 0.474131
vertex 0.022674 -0.137664 0.473549
vertex 0.002152 -0.137664 0.417167
endloop
endfacet
facet normal -0.739711 0.616718 0.269233
outer loop
vertex 0.019167 -0.143070 0.474825
vertex 0.021074 -0.140480 0.474131
vertex 0.000553 -0.140480 0.417750
endloop
endfacet
facet normal -0.664460 0.707110 0.241844
outer loop
vertex 0.016980 -0.145397 0.475621
vertex 0.019167 -0.143070 0.474825
vertex -0.001354 -0.143070 0.418444
endloop
endfacet
facet normal -0.579528 0.787182 0.210931
outer loop
vertex 0.014546 -0.147426 0.476507
vertex 0.016980 -0.145397 0.475621
vertex -0.003541 -0.145397 0.419240
endloop
endfacet
facet normal -0.486138 0.855782 0.176940
outer loop
vertex 0.011900 -0.149129 0.477470
vertex 0.014546 -0.147426 0.476507
vertex -0.005975 -0.147426 0.420126
endloop
endfacet
facet normal -0.385660 0.911901 0.140369
outer loop
vertex 0.009080 -0.150479 0.478497
vertex 0.011900 -0.149129 0.477470
vertex -0.008621 -0.149129 0.421089
endloop
endfacet
facet normal -0.279562 0.954721 0.101752
outer loop
vertex 0.006128 -0.151458 0.479571
vertex 0.009080 -0.150479 0.478497
vertex -0.011441 -0.150479 0.422115
endloop
endfacet
facet normal -0.169385 0.983620 0.061651
outer loop
vertex 0.003087 -0.152051 0.480678
vertex 0.006128 -0.151458 0.479571
vertex -0.014393 -0.151458 0.423189
endloop
endfacet
facet normal -0.056738 0.998176 0.020651
outer loop
vertex 0.000000 -0.152250 0.481801
vertex 0.003087 -0.152051 0.480678
vertex -0.017435 -0.152051 0.424297
endloop
endfacet
facet normal 0.056738 0.998176 -0.020651
outer loop
vertex -0.003087 -0.152051 0.482925
vertex 0.000000 -0.152250 0.481801
vertex -0.020521 -0.152250 0.425420
endloop
endfacet
facet normal 0.169385 0.983620 -0.061651
outer loop
vertex -0.006128 -0.151458 0.484032
vertex -0.003087 -0.152051 0.482925
vertex -0.023608 -0.152051 0.426543
endloop
endfacet
facet normal 0.279562 0.954721 -0.101752
outer loop
vertex -0.009080 -0.150479 0.485106
vertex -0.006128 -0.151458 0.484032
vertex -0.026649 -0.151458 0.427650
endloop
endfacet
facet normal 0.385660 0.911901 -0.140369
outer loop
vertex -0.011900 -0.149129 0.486133
vertex -0.009080 -0.150479 0.485106
vertex -0.029601 -0.150479 0.428725
endloop
endfacet
facet normal 0.486137 0.855782 -0.176939
outer loop
vertex -0.014546 -0.147426 0.487096
vertex -0.011900 -0.149129 0.486133
vertex -0.032421 -0.149129 0.429751
endloop
endfacet
facet normal 0.579529 0.787181 -0.210931
outer loop
vertex -0.016980 -0.145397 0.487982
vertex -0.014546 -0.147426 0.487096
vertex -0.035067 -0.147426 0.430714
endloop
endfacet
facet normal 0.664460 0.707110 -0.241844
outer loop
vertex -0.019167 -0.143070 0.488778
vertex -0.016980 -0.145397 0.487982
vertex -0.037502 -0.145397 0.431600
endloop
endfacet
facet normal 0.739711 0.616718 -0.269233
outer loop
vertex -0.021074 -0.140480 0.489472
vertex -0.019167 -0.143070 0.488778
vertex -0.039688 -0.143070 0.432396
endloop
endfacet
facet normal 0.804171 0.517338 -0.292694
outer loop
vertex -0.022674 -0.137664 0.490054
vertex -0.021074 -0.140480 0.489472
vertex -0.041595 -0.140480 0.433090
endloop
endfacet
facet normal 0.856906 0.410413 -0.311888
outer loop
vertex -0.023943 -0.134663 0.490516
vertex -0.022674 -0.137664 0.490054
vertex -0.043195 -0.137664 0.433672
endloop
endfacet
facet normal 0.897145 0.297501 -0.326534
outer loop
vertex -0.024863 -0.131521 0.490851
vertex -0.023943 -0.134663 0.490516
vertex -0.044464 -0.134663 0.434134
endloop
endfacet
facet normal 0.924300 0.180256 -0.336418
outer loop
vertex -0.025420 -0.128285 0.491054
vertex -0.024863 -0.131521 0.490851
vertex -0.045384 -0.131521 0.434469
endloop
endfacet
facet normal 0.937978 0.060380 -0.341396
outer loop
vertex -0.025607 -0.125000 0.491122
vertex -0.025420 -0.128285 0.491054
vertex -0.045941 -0.128285 0.434672
endloop
endfacet
facet normal 0.937978 -0.060380 -0.341396
outer loop
vertex -0.025420 -0.121715 0.491054
vertex -0.025607 -0.125000 0.491122
vertex -0.046128 -0.125000 0.434740
endloop
endfacet
facet normal 0.924300 -0.180256 -0.336418
outer loop
vertex -0.024863 -0.118479 0.490851
vertex -0.025420 -0.121715 0.491054
vertex -0.045941 -0.121715 0.434672
endloop
endfacet
facet normal 0.897145 -0.297500 -0.326534
outer loop
vertex -0.023943 -0.115337 0.490516
vertex -0.024863 -0.118479 0.490851
vertex -0.045384 -0.118479 0.434469
endloop
endfacet
facet normal 0.856905 -0.410415 -0.311888
outer loop
vertex -0.022674 -0.112336 0.490054
vertex -0.023943 -0.115337 0.490516
vertex -0.044464 -0.115337 0.434134
endloop
endfacet
facet normal 0.804172 -0.517336 -0.292695
outer loop
vertex -0.021074 -0.109520 0.489472
vertex -0.022674 -0.112336 0.490054
vertex -0.043195 -0.112336 0.433672
endloop
endfacet
facet normal 0.739710 -0.616719 -0.269232
outer loop
vertex -0.019167 -0.106930 0.488778
vertex -0.021074 -0.109520 0.489472
vertex -0.041595 -0.109520 0.433090
endloop
endfacet
facet normal 0.664463 -0.707107 -0.241845
outer loop
vertex -0.016980 -0.104603 0.487982
vertex -0.019167 -0.106930 0.488778
vertex -0.039688 -0.106930 0.432396
endloop
endfacet
facet normal 0.579526 -0.787183 -0.210930
outer loop
vertex -0.014546 -0.102574 0.487096
vertex -0.016980 -0.104603 0.487982
vertex -0.037502 -0.104603 0.431600
endloop
endfacet
facet normal 0.486138 -0.855781 -0.176940
outer loop
vertex -0.011900 -0.100871 0.486133
vertex -0.014546 -0.102574 0.487096
vertex -0.035067 -0.102574 0.430714
endloop
endfacet
facet normal 0.385662 -0.911900 -0.140370
outer loop
vertex -0.009080 -0.099521 0.485106
vertex -0.011900 -0.100871 0.486133
vertex -0.032421 -0.100871 0.429751
endloop
endfacet
facet normal 0.279562 -0.954721 -0.101752
outer loop
vertex -0.006128 -0.098542 0.484032
vertex -0.009080 -0.099521 0.485106
vertex -0.029601 -0.099521 0.428725
endloop
endfacet
facet normal 0.169383 -0.983620 -0.061650
outer loop
vertex -0.003087 -0.097949 0.482925
vertex -0.006128 -0.098542 0.484032
vertex -0.026649 -0.098542 0.427650
endloop
endfacet
facet normal 0.056738 -0.998176 -0.020651
outer loop
vertex 0.000000 -0.097750 0.481801
vertex -0.003087 -0.097949 0.482925
vertex -0.023608 -0.097949 0.426543
endloop
endfacet
facet normal -0.056738 -0.998176 0.020651
outer loop
vertex 0.003087 -0.097949 0.480678
vertex 0.000000 -0.097750 0.481801
vertex -0.020521 -0.097750 0.425420
endloop
endfacet
facet normal -0.169383 -0.983620 0.061650
outer loop
vertex 0.006128 -0.098542 0.479571
vertex 0.003087 -0.097949 0.480678
vertex -0.017435 -0.097949 0.424297
endloop
endfacet
facet normal -0.279562 -0.954721 0.101752
outer loop
vertex 0.009080 -0.099521 0.478497
vertex 0.006128 -0.098542 0.479571
vertex -0.014393 -0.098542 0.423189
endloop
endfacet
facet normal -0.385662 -0.911900 0.140370
outer loop
vertex 0.011900 -0.100871 0.477470
vertex 0.009080 -0.099521 0.478497
vertex -0.011441 -0.099521 0.422115
endloop
endfacet
facet normal -0.486140 -0.855781 0.176940
outer loop
vertex 0.014546 -0.102574 0.476507
vertex 0.011900 -0.100871 0.477470
vertex -0.008621 -0.100871 0.421089
endloop
endfacet
facet normal -0.579525 -0.787185 0.210930
outer loop
vertex 0.016980 -0.104603 0.475621
vertex 0.014546 -0.102574 0.476507
vertex -0.005975 -0.102574 0.420126
endloop
endfacet
facet normal -0.664463 -0.707107 0.241845
outer loop
vertex 0.019167 -0.106930 0.474825
vertex 0.016980 -0.104603 0.475621
vertex -0.003541 -0.104603 0.419240
endloop
endfacet
facet normal -0.739710 -0.616719 0.269233
outer loop
vertex 0.021074 -0.109520 0.474131
vertex 0.019167 -0.106930 0.474825
vertex -0.001354 -0.106930 0.418444
endloop
endfacet
facet normal -0.804172 -0.517336 0.292695
outer loop
vertex 0.022674 -0.112336 0.473549
vertex 0.021074 -0.109520 0.474131
vertex 0.000553 -0.109520 0.417750
endloop
endfacet
facet normal -0.856906 -0.410413 0.311888
outer loop
vertex 0.023943 -0.115337 0.473087
vertex 0.022674 -0.112336 0.473549
vertex 0.002152 -0.112336 0.417167
endloop
endfacet
facet normal -0.897144 -0.297503 0.326534
outer loop
vertex 0.024863 -0.118479 0.472752
vertex 0.023943 -0.115337 0.473087
vertex 0.003421 -0.115337 0.416706
endloop
endfacet
facet normal -0.924301 -0.180253 0.336418
outer loop
vertex 0.025420 -0.121715 0.472549
vertex 0.024863 -0.118479 0.472752
vertex 0.004341 -0.118479 0.416371
endloop
endfacet
facet normal -0.937978 -0.060380 0.341396
outer loop
vertex 0.025607 -0.125000 0.472481
vertex 0.025420 -0.121715 0.472549
vertex 0.004899 -0.121715 0.416168
endloop
endfacet
facet normal 0.342022 -0.000000 0.939692
outer loop
vertex 0.003087 0.097949 0.480678
vertex 0.000000 0.097750 0.481801
vertex 0.000000 0.027250 0.481801
endloop
endfacet
facet normal 0.342022 0.000000 0.939692
outer loop
vertex -0.003087 0.097949 0.482925
vertex -0.003087 0.027051 0.482925
vertex 0.000000 0.027250 0.481801
endloop
endfacet
facet normal 0.342020 0.000000 0.939693
outer loop
vertex 0.003087 0.097949 0.480678
vertex 0.003087 0.027051 0.480678
vertex 0.006128 0.026458 0.479571
endloop
endfacet
facet normal 0.342022 -0.000000 0.939692
outer loop
vertex 0.000000 0.027250 0.481801
vertex 0.000000 0.097750 0.481801
vertex -0.003087 0.097949 0.482925
endloop
endfacet
facet normal 0.342020 0.000000 0.939693
outer loop
vertex 0.006128 0.098542 0.479571
vertex 0.003087 0.097949 0.480678
vertex 0.011900 0.024129 0.477470
endloop
endfacet
facet normal 0.342022 0.000000 0.939692
outer loop
vertex 0.000000 0.027250 0.481801
vertex 0.003087 0.027051 0.480678
vertex 0.003087 0.097949 0.480678
endloop
endfacet
facet normal 0.342018 0.000000 0.939693
outer loop
vertex 0.014546 0.022426 0.476507
vertex 0.009080 0.099521 0.478497
vertex 0.006128 0.098542 0.479571
endloop
endfacet
facet normal 0.342024 -0.000000 0.939691
outer loop
vertex 0.016980 0.020397 0.475621
vertex 0.016980 0.104603 0.475621
vertex 0.014546 0.102574 0.476507
endloop
endfacet
facet normal 0.342018 -0.000000 0.939693
outer loop
vertex -0.003087 -0.097949 0.482925
vertex -0.006128 -0.026458 0.484032
vertex -0.009080 -0.025479 0.485106
endloop
endfacet
facet normal 0.342022 -0.000000 0.939692
outer loop
vertex -0.003087 -0.097949 0.482925
vertex 0.000000 -0.097750 0.481801
vertex 0.000000 -0.027250 0.481801
endloop
endfacet
facet normal 0.342022 -0.000000 0.939692
outer loop
vertex 0.003087 -0.097949 0.480678
vertex 0.003087 -0.027051 0.480678
vertex 0.000000 -0.027250 0.481801
endloop
endfacet
facet normal 0.342020 0.000000 0.939693
outer loop
vertex -0.003087 0.097949 0.482925
vertex -0.006128 0.026458 0.484032
vertex -0.003087 0.027051 0.482925
endloop
endfacet
facet normal 0.342020 -0.000000 0.939693
outer loop
vertex -0.003087 0.097949 0.482925
vertex -0.011900 0.024129 0.486133
vertex -0.009080 0.025479 0.485106
endloop
endfacet
facet normal 0.342020 0.000000 0.939693
outer loop
vertex 0.014546 0.022426 0.476507
vertex 0.011900 0.100871 0.477470
vertex 0.009080 0.099521 0.478497
endloop
endfacet
facet normal 0.342026 -0.000000 0.939690
outer loop
vertex 0.016980 0.020397 0.475621
vertex 0.019167 0.106930 0.474825
vertex 0.016980 0.104603 0.475621
endloop
endfacet
facet normal 0.342020 -0.000000 0.939693
outer loop
vertex -0.003087 -0.097949 0.482925
vertex -0.003087 -0.027051 0.482925
vertex -0.006128 -0.026458 0.484032
endloop
endfacet
facet normal 0.342022 -0.000000 0.939692
outer loop
vertex 0.000000 -0.027250 0.481801
vertex 0.000000 -0.097750 0.481801
vertex 0.003087 -0.097949 0.480678
endloop
endfacet
facet normal 0.342018 0.000000 0.939693
outer loop
vertex -0.011900 0.024129 0.486133
vertex -0.006128 0.098542 0.484032
vertex -0.009080 0.099521 0.485106
endloop
endfacet
facet normal 0.342018 0.000000 0.939693
outer loop
vertex -0.009080 0.025479 0.485106
vertex -0.006128 0.026458 0.484032
vertex -0.003087 0.097949 0.482925
endloop
endfacet
facet normal 0.342021 0.000000 0.939692
outer loop
vertex 0.021074 0.109520 0.474131
vertex 0.021074 0.015480 0.474131
vertex 0.022674 0.012664 0.473549
endloop
endfacet
facet normal 0.342026 -0.000000 0.939690
outer loop
vertex 0.021074 0.109520 0.474131
vertex 0.016980 0.020397 0.475621
vertex 0.019167 0.018070 0.474825
endloop
endfacet
facet normal 0.342016 -0.000000 0.939694
outer loop
vertex 0.011900 0.024129 0.477470
vertex 0.014546 0.022426 0.476507
vertex 0.006128 0.098542 0.479571
endloop
endfacet
facet normal 0.342019 0.000000 0.939693
outer loop
vertex 0.016980 0.020397 0.475621
vertex 0.021074 0.109520 0.474131
vertex 0.019167 0.106930 0.474825
endloop
endfacet
facet normal 0.342022 0.000000 0.939692
outer loop
vertex 0.000000 -0.027250 0.481801
vertex -0.003087 -0.027051 0.482925
vertex -0.003087 -0.097949 0.482925
endloop
endfacet
facet normal 0.342018 0.000000 0.939693
outer loop
vertex 0.003087 -0.097949 0.480678
vertex 0.009080 -0.025479 0.478497
vertex 0.006128 -0.026458 0.479571
endloop
endfacet
facet normal 0.342028 0.000001 0.939690
outer loop
vertex -0.006128 -0.098542 0.484032
vertex -0.016980 -0.020397 0.487982
vertex -0.019167 -0.018070 0.488778
endloop
endfacet
facet normal 0.342020 -0.000000 0.939693
outer loop
vertex -0.011900 0.024129 0.486133
vertex -0.003087 0.097949 0.482925
vertex -0.006128 0.098542 0.484032
endloop
endfacet
facet normal 0.342018 -0.000000 0.939693
outer loop
vertex 0.006128 0.026458 0.479571
vertex 0.009080 0.025479 0.478497
vertex 0.003087 0.097949 0.480678
endloop
endfacet
facet normal 0.342020 0.000000 0.939693
outer loop
vertex 0.019167 0.018070 0.474825
vertex 0.021074 0.015480 0.474131
vertex 0.021074 0.109520 0.474131
endloop
endfacet
facet normal 0.342016 -0.000000 0.939694
outer loop
vertex 0.014546 0.102574 0.476507
vertex 0.011900 0.100871 0.477470
vertex 0.016980 0.020397 0.475621
endloop
endfacet
facet normal 0.342013 0.000000 0.939695
outer loop
vertex -0.011900 0.100871 0.486133
vertex -0.016980 0.020397 0.487982
vertex -0.014546 0.022426 0.487096
endloop
endfacet
facet normal 0.342016 0.000000 0.939694
outer loop
vertex 0.006128 -0.098542 0.479571
vertex 0.014546 -0.022426 0.476507
vertex 0.011900 -0.024129 0.477470
endloop
endfacet
facet normal 0.342020 0.000000 0.939693
outer loop
vertex 0.006128 -0.026458 0.479571
vertex 0.003087 -0.027051 0.480678
vertex 0.003087 -0.097949 0.480678
endloop
endfacet
facet normal 0.342013 -0.000001 0.939695
outer loop
vertex -0.006128 -0.098542 0.484032
vertex -0.014546 -0.022426 0.487096
vertex -0.016980 -0.020397 0.487982
endloop
endfacet
facet normal 0.342020 0.000000 0.939693
outer loop
vertex -0.006128 -0.098542 0.484032
vertex -0.003087 -0.097949 0.482925
vertex -0.011900 -0.024129 0.486133
endloop
endfacet
facet normal 0.342003 0.000000 0.939699
outer loop
vertex -0.025420 0.003285 0.491054
vertex -0.023943 0.115337 0.490516
vertex -0.024863 0.118479 0.490851
endloop
endfacet
facet normal 0.342021 -0.000000 0.939692
outer loop
vertex -0.025420 0.003285 0.491054
vertex -0.021074 0.109520 0.489472
vertex -0.022674 0.112336 0.490054
endloop
endfacet
facet normal 0.342020 0.000000 0.939693
outer loop
vertex 0.009080 0.025479 0.478497
vertex 0.011900 0.024129 0.477470
vertex 0.003087 0.097949 0.480678
endloop
endfacet
facet normal 0.342024 0.000000 0.939691
outer loop
vertex 0.014546 0.022426 0.476507
vertex 0.016980 0.020397 0.475621
vertex 0.011900 0.100871 0.477470
endloop
endfacet
facet normal 0.342027 -0.000001 0.939690
outer loop
vertex -0.011900 0.100871 0.486133
vertex -0.019167 0.018070 0.488778
vertex -0.016980 0.020397 0.487982
endloop
endfacet
facet normal 0.342021 0.000000 0.939692
outer loop
vertex -0.011900 0.100871 0.486133
vertex -0.022674 0.012664 0.490054
vertex -0.021074 0.015480 0.489472
endloop
endfacet
facet normal 0.342016 0.000000 0.939694
outer loop
vertex 0.016980 -0.020397 0.475621
vertex 0.011900 -0.100871 0.477470
vertex 0.014546 -0.102574 0.476507
endloop
endfacet
facet normal 0.342020 -0.000000 0.939693
outer loop
vertex 0.011900 -0.024129 0.477470
vertex 0.003087 -0.097949 0.480678
vertex 0.006128 -0.098542 0.479571
endloop
endfacet
facet normal 0.342020 -0.000000 0.939693
outer loop
vertex 0.003087 -0.097949 0.480678
vertex 0.011900 -0.024129 0.477470
vertex 0.009080 -0.025479 0.478497
endloop
endfacet
facet normal 0.342026 0.000001 0.939691
outer loop
vertex -0.011900 -0.024129 0.486133
vertex -0.014546 -0.022426 0.487096
vertex -0.006128 -0.098542 0.484032
endloop
endfacet
facet normal 0.342020 0.000000 0.939693
outer loop
vertex -0.021074 -0.015480 0.489472
vertex -0.021074 -0.109520 0.489472
vertex -0.019167 -0.106930 0.488778
endloop
endfacet
facet normal 0.342018 0.000001 0.939693
outer loop
vertex -0.050000 -0.250000 0.500000
vertex -0.006128 -0.151458 0.484032
vertex -0.009080 -0.150479 0.485106
endloop
endfacet
facet normal 0.342020 -0.000000 0.939693
outer loop
vertex -0.050000 -0.250000 0.500000
vertex 0.050000 -0.250000 0.463603
vertex 0.000000 -0.152250 0.481801
endloop
endfacet
facet normal 0.342018 -0.000001 0.939693
outer loop
vertex 0.050000 -0.250000 0.463603
vertex 0.009080 -0.150479 0.478497
vertex 0.006128 -0.151458 0.479571
endloop
endfacet
facet normal 0.342023 0.000001 0.939691
outer loop
vertex 0.050000 -0.250000 0.463603
vertex 0.016980 -0.145397 0.475621
vertex 0.014546 -0.147426 0.476507
endloop
endfacet
facet normal 0.342020 -0.000000 0.939693
outer loop
vertex 0.050000 -0.250000 0.463603
vertex 0.021074 -0.140480 0.474131
vertex 0.019167 -0.143070 0.474825
endloop
endfacet
facet normal 0.342027 -0.000000 0.939690
outer loop
vertex -0.022674 0.112336 0.490054
vertex -0.023943 0.115337 0.490516
vertex -0.025420 0.003285 0.491054
endloop
endfacet
facet normal 0.342025 -0.000001 0.939691
outer loop
vertex -0.025420 0.003285 0.491054
vertex -0.011900 0.100871 0.486133
vertex -0.014546 0.102574 0.487096
endloop
endfacet
facet normal 0.342006 -0.000000 0.939698
outer loop
vertex 0.022674 0.012664 0.473549
vertex 0.023943 0.009663 0.473087
vertex 0.021074 0.109520 0.474131
endloop
endfacet
facet normal 0.342019 0.000000 0.939693
outer loop
vertex -0.021074 0.015480 0.489472
vertex -0.019167 0.018070 0.488778
vertex -0.011900 0.100871 0.486133
endloop
endfacet
facet normal 0.342099 -0.000012 0.939664
outer loop
vertex -0.011900 0.100871 0.486133
vertex -0.025420 0.003285 0.491054
vertex -0.024863 0.006521 0.490851
endloop
endfacet
facet normal 0.342020 0.000000 0.939693
outer loop
vertex 0.016980 -0.020397 0.475621
vertex 0.009080 -0.099521 0.478497
vertex 0.011900 -0.100871 0.477470
endloop
endfacet
facet normal 0.342024 -0.000001 0.939691
outer loop
vertex 0.009080 -0.099521 0.478497
vertex 0.016980 -0.020397 0.475621
vertex 0.014546 -0.022426 0.476507
endloop
endfacet
facet normal 0.342019 -0.000000 0.939693
outer loop
vertex -0.019167 -0.018070 0.488778
vertex -0.021074 -0.015480 0.489472
vertex -0.006128 -0.098542 0.484032
endloop
endfacet
facet normal 0.342020 -0.000000 0.939693
outer loop
vertex -0.021074 -0.015480 0.489472
vertex -0.011900 -0.100871 0.486133
vertex -0.009080 -0.099521 0.485106
endloop
endfacet
facet normal 0.342014 -0.000000 0.939695
outer loop
vertex -0.021074 -0.015480 0.489472
vertex -0.016980 -0.104603 0.487982
vertex -0.014546 -0.102574 0.487096
endloop
endfacet
facet normal 0.342021 0.000000 0.939692
outer loop
vertex -0.021074 -0.015480 0.489472
vertex -0.022674 -0.112336 0.490054
vertex -0.021074 -0.109520 0.489472
endloop
endfacet
facet normal 0.342020 0.000000 0.939693
outer loop
vertex -0.050000 -0.250000 0.500000
vertex -0.003087 -0.152051 0.482925
vertex -0.006128 -0.151458 0.484032
endloop
endfacet
facet normal 0.342022 0.000001 0.939692
outer loop
vertex 0.050000 -0.250000 0.463603
vertex 0.003087 -0.152051 0.480678
vertex 0.000000 -0.152250 0.481801
endloop
endfacet
facet normal 0.342020 -0.000000 0.939693
outer loop
vertex 0.050000 -0.250000 0.463603
vertex 0.011900 -0.149129 0.477470
vertex 0.009080 -0.150479 0.478497
endloop
endfacet
facet normal 0.342025 0.000002 0.939691
outer loop
vertex 0.019167 -0.143070 0.474825
vertex 0.016980 -0.145397 0.475621
vertex 0.050000 -0.250000 0.463603
endloop
endfacet
facet normal 0.342020 0.000000 0.939693
outer loop
vertex -0.025420 0.003285 0.491054
vertex -0.019167 0.106930 0.488778
vertex -0.021074 0.109520 0.489472
endloop
endfacet
facet normal 0.342014 0.000001 0.939695
outer loop
vertex -0.014546 0.102574 0.487096
vertex -0.016980 0.104603 0.487982
vertex -0.025420 0.003285 0.491054
endloop
endfacet
facet normal 0.342025 0.000000 0.939691
outer loop
vertex -0.014546 0.022426 0.487096
vertex -0.011900 0.024129 0.486133
vertex -0.011900 0.100871 0.486133
endloop
endfacet
facet normal 0.341987 0.000005 0.939705
outer loop
vertex -0.024863 0.006521 0.490851
vertex -0.023943 0.009663 0.490516
vertex -0.011900 0.100871 0.486133
endloop
endfacet
facet normal 0.342029 -0.000001 0.939689
outer loop
vertex -0.023943 0.009663 0.490516
vertex -0.022674 0.012664 0.490054
vertex -0.011900 0.100871 0.486133
endloop
endfacet
facet normal 0.342018 -0.000000 0.939693
outer loop
vertex 0.006128 -0.098542 0.479571
vertex 0.009080 -0.099521 0.478497
vertex 0.014546 -0.022426 0.476507
endloop
endfacet
facet normal 0.342019 0.000000 0.939693
outer loop
vertex 0.016980 -0.104603 0.475621
vertex 0.021074 -0.015480 0.474131
vertex 0.019167 -0.018070 0.474825
endloop
endfacet
facet normal 0.342018 -0.000000 0.939693
outer loop
vertex -0.009080 -0.099521 0.485106
vertex -0.006128 -0.098542 0.484032
vertex -0.021074 -0.015480 0.489472
endloop
endfacet
facet normal 0.342026 0.000000 0.939690
outer loop
vertex -0.019167 -0.106930 0.488778
vertex -0.016980 -0.104603 0.487982
vertex -0.021074 -0.015480 0.489472
endloop
endfacet
facet normal 0.342041 -0.000001 0.939685
outer loop
vertex -0.021074 -0.015480 0.489472
vertex -0.025420 -0.121715 0.491054
vertex -0.024863 -0.118479 0.490851
endloop
endfacet
facet normal 0.342025 -0.000002 0.939691
outer loop
vertex -0.050000 -0.250000 0.500000
vertex -0.016980 -0.145397 0.487982
vertex -0.019167 -0.143070 0.488778
endloop
endfacet
facet normal 0.342024 -0.000002 0.939691
outer loop
vertex -0.050000 -0.250000 0.500000
vertex -0.011900 -0.149129 0.486133
vertex -0.014546 -0.147426 0.487096
endloop
endfacet
facet normal 0.342022 -0.000001 0.939692
outer loop
vertex 0.000000 -0.152250 0.481801
vertex -0.003087 -0.152051 0.482925
vertex -0.050000 -0.250000 0.500000
endloop
endfacet
facet normal 0.342017 -0.000002 0.939694
outer loop
vertex 0.014546 -0.147426 0.476507
vertex 0.011900 -0.149129 0.477470
vertex 0.050000 -0.250000 0.463603
endloop
endfacet
facet normal 0.342007 -0.000003 0.939697
outer loop
vertex 0.050000 -0.250000 0.463603
vertex 0.025420 -0.128285 0.472549
vertex 0.024863 -0.131521 0.472752
endloop
endfacet
facet normal 0.342026 -0.000000 0.939691
outer loop
vertex -0.016980 0.104603 0.487982
vertex -0.019167 0.106930 0.488778
vertex -0.025420 0.003285 0.491054
endloop
endfacet
facet normal 0.342034 -0.000002 0.939688
outer loop
vertex -0.050000 -0.250000 0.500000
vertex -0.025420 -0.003285 0.491054
vertex -0.025607 -0.000000 0.491122
endloop
endfacet
facet normal 0.342007 -0.000000 0.939697
outer loop
vertex 0.023943 0.009663 0.473087
vertex 0.023943 0.115337 0.473087
vertex 0.022674 0.112336 0.473549
endloop
endfacet
facet normal 0.341989 0.000000 0.939704
outer loop
vertex 0.023943 0.009663 0.473087
vertex 0.025420 0.121715 0.472549
vertex 0.024863 0.118479 0.472752
endloop
endfacet
facet normal 0.342026 -0.000000 0.939690
outer loop
vertex 0.021074 -0.015480 0.474131
vertex 0.016980 -0.104603 0.475621
vertex 0.019167 -0.106930 0.474825
endloop
endfacet
facet normal 0.342026 0.000000 0.939690
outer loop
vertex 0.019167 -0.018070 0.474825
vertex 0.016980 -0.020397 0.475621
vertex 0.016980 -0.104603 0.475621
endloop
endfacet
facet normal 0.342025 0.000000 0.939691
outer loop
vertex -0.014546 -0.102574 0.487096
vertex -0.011900 -0.100871 0.486133
vertex -0.021074 -0.015480 0.489472
endloop
endfacet
facet normal 0.342000 0.000001 0.939700
outer loop
vertex -0.024863 -0.118479 0.490851
vertex -0.023943 -0.115337 0.490516
vertex -0.021074 -0.015480 0.489472
endloop
endfacet
facet normal 0.342010 0.000002 0.939696
outer loop
vertex -0.050000 -0.250000 0.500000
vertex -0.023943 -0.134663 0.490516
vertex -0.024863 -0.131521 0.490851
endloop
endfacet
facet normal 0.342021 -0.000000 0.939692
outer loop
vertex -0.050000 -0.250000 0.500000
vertex -0.021074 -0.140480 0.489472
vertex -0.022674 -0.137664 0.490054
endloop
endfacet
facet normal 0.342015 0.000002 0.939694
outer loop
vertex -0.014546 -0.147426 0.487096
vertex -0.016980 -0.145397 0.487982
vertex -0.050000 -0.250000 0.500000
endloop
endfacet
facet normal 0.342020 -0.000000 0.939693
outer loop
vertex 0.006128 -0.151458 0.479571
vertex 0.003087 -0.152051 0.480678
vertex 0.050000 -0.250000 0.463603
endloop
endfacet
facet normal 0.342026 0.000001 0.939690
outer loop
vertex 0.024863 -0.131521 0.472752
vertex 0.023943 -0.134663 0.473087
vertex 0.050000 -0.250000 0.463603
endloop
endfacet
facet normal 0.342017 0.000002 0.939694
outer loop
vertex 0.050000 0.250000 0.463603
vertex 0.011900 0.149129 0.477470
vertex 0.014546 0.147426 0.476507
endloop
endfacet
facet normal 0.342020 -0.000000 0.939693
outer loop
vertex -0.050000 0.250000 0.500000
vertex -0.021074 0.140480 0.489472
vertex -0.019167 0.143070 0.488778
endloop
endfacet
facet normal 0.342027 0.000002 0.939690
outer loop
vertex -0.050000 0.250000 0.500000
vertex -0.025420 0.128285 0.491054
vertex -0.024863 0.131521 0.490851
endloop
endfacet
facet normal 0.342020 0.000000 0.939693
outer loop
vertex -0.009080 0.099521 0.485106
vertex -0.011900 0.100871 0.486133
vertex -0.011900 0.024129 0.486133
endloop
endfacet
facet normal 0.342019 0.000000 0.939693
outer loop
vertex -0.025607 -0.000000 0.491122
vertex -0.025420 0.121715 0.491054
vertex -0.050000 -0.250000 0.500000
endloop
endfacet
facet normal 0.342058 0.000000 0.939679
outer loop
vertex -0.025607 -0.000000 0.491122
vertex -0.025420 0.003285 0.491054
vertex -0.025420 0.121715 0.491054
endloop
endfacet
facet normal 0.342030 0.000000 0.939689
outer loop
vertex 0.024863 0.118479 0.472752
vertex 0.023943 0.115337 0.473087
vertex 0.023943 0.009663 0.473087
endloop
endfacet
facet normal 0.342006 0.000003 0.939698
outer loop
vertex 0.050000 0.250000 0.463603
vertex 0.025607 0.125000 0.472481
vertex 0.025420 0.121715 0.472549
endloop
endfacet
facet normal 0.342003 0.000000 0.939699
outer loop
vertex -0.025420 -0.121715 0.491054
vertex -0.023943 -0.009663 0.490516
vertex -0.024863 -0.006521 0.490851
endloop
endfacet
facet normal 0.342021 -0.000000 0.939692
outer loop
vertex -0.025420 -0.121715 0.491054
vertex -0.021074 -0.015480 0.489472
vertex -0.022674 -0.012664 0.490054
endloop
endfacet
facet normal 0.342024 0.000000 0.939691
outer loop
vertex 0.014546 -0.102574 0.476507
vertex 0.016980 -0.104603 0.475621
vertex 0.016980 -0.020397 0.475621
endloop
endfacet
facet normal 0.342027 -0.000000 0.939690
outer loop
vertex -0.023943 -0.115337 0.490516
vertex -0.022674 -0.112336 0.490054
vertex -0.021074 -0.015480 0.489472
endloop
endfacet
facet normal 0.341983 0.000001 0.939706
outer loop
vertex 0.021074 -0.109520 0.474131
vertex 0.025420 -0.003285 0.472549
vertex 0.024863 -0.006521 0.472752
endloop
endfacet
facet normal 0.342024 -0.000001 0.939691
outer loop
vertex -0.022674 -0.137664 0.490054
vertex -0.023943 -0.134663 0.490516
vertex -0.050000 -0.250000 0.500000
endloop
endfacet
facet normal 0.342020 0.000000 0.939693
outer loop
vertex -0.009080 -0.150479 0.485106
vertex -0.011900 -0.149129 0.486133
vertex -0.050000 -0.250000 0.500000
endloop
endfacet
facet normal 0.342012 -0.000002 0.939696
outer loop
vertex 0.023943 -0.134663 0.473087
vertex 0.022674 -0.137664 0.473549
vertex 0.050000 -0.250000 0.463603
endloop
endfacet
facet normal 0.342020 0.000000 0.939693
outer loop
vertex 0.050000 0.250000 0.463603
vertex 0.009080 0.150479 0.478497
vertex 0.011900 0.149129 0.477470
endloop
endfacet
facet normal 0.342020 0.000000 0.939693
outer loop
vertex 0.050000 0.250000 0.463603
vertex 0.003087 0.152051 0.480678
vertex 0.006128 0.151458 0.479571
endloop
endfacet
facet normal 0.342022 0.000001 0.939692
outer loop
vertex -0.050000 0.250000 0.500000
vertex -0.003087 0.152051 0.482925
vertex 0.000000 0.152250 0.481801
endloop
endfacet
facet normal 0.342021 0.000000 0.939692
outer loop
vertex -0.050000 0.250000 0.500000
vertex -0.022674 0.137664 0.490054
vertex -0.021074 0.140480 0.489472
endloop
endfacet
facet normal 0.342010 -0.000002 0.939696
outer loop
vertex -0.024863 0.131521 0.490851
vertex -0.023943 0.134663 0.490516
vertex -0.050000 0.250000 0.500000
endloop
endfacet
facet normal 0.342020 0.000000 0.939693
outer loop
vertex -0.050000 0.250000 0.500000
vertex -0.050000 -0.250000 0.500000
vertex -0.025420 0.121715 0.491054
endloop
endfacet
facet normal 0.342021 -0.000000 0.939692
outer loop
vertex 0.025420 0.121715 0.472549
vertex 0.023943 0.009663 0.473087
vertex 0.050000 0.250000 0.463603
endloop
endfacet
facet normal 0.342027 -0.000000 0.939690
outer loop
vertex -0.022674 -0.012664 0.490054
vertex -0.023943 -0.009663 0.490516
vertex -0.025420 -0.121715 0.491054
endloop
endfacet
facet normal 0.342020 0.000000 0.939693
outer loop
vertex -0.009080 -0.025479 0.485106
vertex -0.011900 -0.024129 0.486133
vertex -0.003087 -0.097949 0.482925
endloop
endfacet
facet normal 0.342006 0.000000 0.939698
outer loop
vertex 0.021074 -0.109520 0.474131
vertex 0.023943 -0.009663 0.473087
vertex 0.022674 -0.012664 0.473549
endloop
endfacet
facet normal 0.342167 -0.000007 0.939639
outer loop
vertex 0.021074 -0.109520 0.474131
vertex 0.025607 -0.000000 0.472481
vertex 0.025420 -0.003285 0.472549
endloop
endfacet
facet normal 0.342032 -0.000001 0.939688
outer loop
vertex 0.024863 -0.006521 0.472752
vertex 0.023943 -0.009663 0.473087
vertex 0.021074 -0.109520 0.474131
endloop
endfacet
facet normal 0.342004 0.000003 0.939698
outer loop
vertex -0.050000 -0.250000 0.500000
vertex -0.025607 -0.125000 0.491122
vertex -0.025420 -0.121715 0.491054
endloop
endfacet
facet normal 0.342020 0.000000 0.939693
outer loop
vertex -0.019167 -0.143070 0.488778
vertex -0.021074 -0.140480 0.489472
vertex -0.050000 -0.250000 0.500000
endloop
endfacet
facet normal 0.342029 0.000002 0.939689
outer loop
vertex 0.050000 -0.250000 0.463603
vertex 0.025607 -0.125000 0.472481
vertex 0.025420 -0.128285 0.472549
endloop
endfacet
facet normal 0.342025 -0.000002 0.939691
outer loop
vertex 0.050000 0.250000 0.463603
vertex 0.016980 0.145397 0.475621
vertex 0.019167 0.143070 0.474825
endloop
endfacet
facet normal 0.342018 0.000001 0.939693
outer loop
vertex 0.006128 0.151458 0.479571
vertex 0.009080 0.150479 0.478497
vertex 0.050000 0.250000 0.463603
endloop
endfacet
facet normal 0.342020 0.000000 0.939693
outer loop
vertex 0.000000 0.152250 0.481801
vertex 0.050000 0.250000 0.463603
vertex -0.050000 0.250000 0.500000
endloop
endfacet
facet normal 0.342034 -0.000001 0.939687
outer loop
vertex 0.050000 0.250000 0.463603
vertex 0.025420 0.003285 0.472549
vertex 0.025607 -0.000000 0.472481
endloop
endfacet
facet normal 0.342024 0.000001 0.939691
outer loop
vertex -0.023943 0.134663 0.490516
vertex -0.022674 0.137664 0.490054
vertex -0.050000 0.250000 0.500000
endloop
endfacet
facet normal 0.342004 -0.000003 0.939698
outer loop
vertex -0.025420 0.121715 0.491054
vertex -0.025607 0.125000 0.491122
vertex -0.050000 0.250000 0.500000
endloop
endfacet
facet normal 0.342028 -0.000001 0.939690
outer loop
vertex 0.050000 0.250000 0.463603
vertex 0.023943 0.009663 0.473087
vertex 0.024863 0.006521 0.472752
endloop
endfacet
facet normal 0.342021 0.000000 0.939692
outer loop
vertex 0.022674 0.112336 0.473549
vertex 0.021074 0.109520 0.474131
vertex 0.023943 0.009663 0.473087
endloop
endfacet
facet normal 0.342020 0.000000 0.939693
outer loop
vertex 0.019167 -0.106930 0.474825
vertex 0.021074 -0.109520 0.474131
vertex 0.021074 -0.015480 0.474131
endloop
endfacet
facet normal 0.342021 0.000000 0.939692
outer loop
vertex 0.022674 -0.012664 0.473549
vertex 0.021074 -0.015480 0.474131
vertex 0.021074 -0.109520 0.474131
endloop
endfacet
facet normal 0.342028 -0.000002 0.939690
outer loop
vertex -0.050000 -0.250000 0.500000
vertex -0.025420 -0.128285 0.491054
vertex -0.025607 -0.125000 0.491122
endloop
endfacet
facet normal 0.342021 0.000000 0.939692
outer loop
vertex 0.022674 -0.137664 0.473549
vertex 0.021074 -0.140480 0.474131
vertex 0.050000 -0.250000 0.463603
endloop
endfacet
facet normal 0.342021 -0.000000 0.939692
outer loop
vertex 0.050000 0.250000 0.463603
vertex 0.021074 0.140480 0.474131
vertex 0.022674 0.137664 0.473549
endloop
endfacet
facet normal 0.342023 -0.000001 0.939691
outer loop
vertex 0.014546 0.147426 0.476507
vertex 0.016980 0.145397 0.475621
vertex 0.050000 0.250000 0.463603
endloop
endfacet
facet normal 0.342020 -0.000000 0.939693
outer loop
vertex -0.050000 0.250000 0.500000
vertex -0.006128 0.151458 0.484032
vertex -0.003087 0.152051 0.482925
endloop
endfacet
facet normal 0.342020 -0.000000 0.939693
outer loop
vertex -0.050000 0.250000 0.500000
vertex -0.011900 0.149129 0.486133
vertex -0.009080 0.150479 0.485106
endloop
endfacet
facet normal 0.342023 -0.000000 0.939692
outer loop
vertex 0.025607 -0.000000 0.472481
vertex 0.022674 -0.112336 0.473549
vertex 0.050000 0.250000 0.463603
endloop
endfacet
facet normal 0.342021 -0.000000 0.939692
outer loop
vertex 0.025607 -0.000000 0.472481
vertex 0.021074 -0.109520 0.474131
vertex 0.022674 -0.112336 0.473549
endloop
endfacet
facet normal 0.342028 0.000002 0.939690
outer loop
vertex -0.025607 0.125000 0.491122
vertex -0.025420 0.128285 0.491054
vertex -0.050000 0.250000 0.500000
endloop
endfacet
facet normal 0.342036 0.000000 0.939687
outer loop
vertex -0.024863 0.118479 0.490851
vertex -0.025420 0.121715 0.491054
vertex -0.025420 0.003285 0.491054
endloop
endfacet
facet normal 0.342027 -0.000002 0.939690
outer loop
vertex -0.024863 -0.131521 0.490851
vertex -0.025420 -0.128285 0.491054
vertex -0.050000 -0.250000 0.500000
endloop
endfacet
facet normal 0.342020 0.000000 0.939693
outer loop
vertex 0.019167 0.143070 0.474825
vertex 0.021074 0.140480 0.474131
vertex 0.050000 0.250000 0.463603
endloop
endfacet
facet normal 0.342018 -0.000001 0.939693
outer loop
vertex -0.009080 0.150479 0.485106
vertex -0.006128 0.151458 0.484032
vertex -0.050000 0.250000 0.500000
endloop
endfacet
facet normal 0.342028 -0.000001 0.939690
outer loop
vertex 0.050000 0.250000 0.463603
vertex 0.023943 -0.115337 0.473087
vertex 0.024863 -0.118479 0.472752
endloop
endfacet
facet normal 0.342002 0.000002 0.939699
outer loop
vertex 0.024863 0.006521 0.472752
vertex 0.025420 0.003285 0.472549
vertex 0.050000 0.250000 0.463603
endloop
endfacet
facet normal 0.342020 -0.000000 0.939693
outer loop
vertex -0.025420 -0.121715 0.491054
vertex -0.025420 -0.003285 0.491054
vertex -0.050000 -0.250000 0.500000
endloop
endfacet
facet normal 0.342026 -0.000001 0.939690
outer loop
vertex 0.050000 0.250000 0.463603
vertex 0.023943 0.134663 0.473087
vertex 0.024863 0.131521 0.472752
endloop
endfacet
facet normal 0.342022 -0.000001 0.939692
outer loop
vertex 0.000000 0.152250 0.481801
vertex 0.003087 0.152051 0.480678
vertex 0.050000 0.250000 0.463603
endloop
endfacet
facet normal 0.342021 -0.000000 0.939692
outer loop
vertex 0.050000 -0.250000 0.463603
vertex 0.050000 0.250000 0.463603
vertex 0.025420 -0.121715 0.472549
endloop
endfacet
facet normal 0.342009 0.000001 0.939697
outer loop
vertex 0.022674 -0.112336 0.473549
vertex 0.023943 -0.115337 0.473087
vertex 0.050000 0.250000 0.463603
endloop
endfacet
facet normal 0.342015 -0.000002 0.939694
outer loop
vertex -0.050000 0.250000 0.500000
vertex -0.016980 0.145397 0.487982
vertex -0.014546 0.147426 0.487096
endloop
endfacet
facet normal 0.342036 0.000000 0.939687
outer loop
vertex -0.024863 -0.006521 0.490851
vertex -0.025420 -0.003285 0.491054
vertex -0.025420 -0.121715 0.491054
endloop
endfacet
facet normal 0.342012 0.000002 0.939696
outer loop
vertex 0.022674 0.137664 0.473549
vertex 0.023943 0.134663 0.473087
vertex 0.050000 0.250000 0.463603
endloop
endfacet
facet normal 0.341999 0.000002 0.939700
outer loop
vertex 0.024863 -0.118479 0.472752
vertex 0.025420 -0.121715 0.472549
vertex 0.050000 0.250000 0.463603
endloop
endfacet
facet normal 0.342025 0.000002 0.939691
outer loop
vertex -0.019167 0.143070 0.488778
vertex -0.016980 0.145397 0.487982
vertex -0.050000 0.250000 0.500000
endloop
endfacet
facet normal 0.342007 0.000003 0.939697
outer loop
vertex 0.024863 0.131521 0.472752
vertex 0.025420 0.128285 0.472549
vertex 0.050000 0.250000 0.463603
endloop
endfacet
facet normal 0.342024 0.000002 0.939691
outer loop
vertex -0.014546 0.147426 0.487096
vertex -0.011900 0.149129 0.486133
vertex -0.050000 0.250000 0.500000
endloop
endfacet
facet normal 0.342006 -0.000003 0.939698
outer loop
vertex 0.025420 -0.121715 0.472549
vertex 0.025607 -0.125000 0.472481
vertex 0.050000 -0.250000 0.463603
endloop
endfacet
facet normal 0.342029 -0.000002 0.939689
outer loop
vertex 0.025420 0.128285 0.472549
vertex 0.025607 0.125000 0.472481
vertex 0.050000 0.250000 0.463603
endloop
endfacet
facet normal 0.000000 0.000000 1.000000
outer loop
vertex 0.050000 -0.250000 0.463603
vertex 0.140000 -0.250000 0.463603
vertex 0.140000 0.250000 0.463603
endloop
endfacet
facet normal 0.000000 0.000000 1.000000
outer loop
vertex 0.140000 0.250000 0.463603
vertex 0.050000 0.250000 0.463603
vertex 0.050000 -0.250000 0.463603
endloop
endfacet
facet normal -1.000000 0.000000 -0.000000
outer loop
vertex -0.050000 0.250000 0.500000
vertex -0.050000 0.250000 0.000000
vertex -0.050000 -0.250000 0.000000
endloop
endfacet
facet normal -1.000000 0.000000 0.000000
outer loop
vertex -0.050000 -0.250000 0.000000
vertex -0.050000 -0.250000 0.500000
vertex -0.050000 0.250000 0.500000
endloop
endfacet
facet normal 0.000000 -0.000000 -1.000000
outer loop
vertex 0.050000 0.250000 0.000000
vertex 0.050000 -0.250000 0.000000
vertex -0.050000 -0.250000 0.000000
endloop
endfacet
facet normal 0.000000 0.000000 -1.000000
outer loop
vertex -0.050000 -0.250000 0.000000
vertex -0.050000 0.250000 0.000000
vertex 0.050000 0.250000 0.000000
endloop
endfacet
facet normal 1.000000 0.000000 0.000000
outer loop
vertex 0.050000 -0.250000 0.000000
vertex 0.050000 0.250000 0.000000
vertex 0.050000 0.250000 0.443603
endloop
endfacet
facet normal 1.000000 0.000000 0.000000
outer loop
vertex 0.050000 0.250000 0.443603
vertex 0.050000 -0.250000 0.443603
vertex 0.050000 -0.250000 0.000000
endloop
endfacet
facet normal 0.000000 0.000000 -1.000000
outer loop
vertex 0.150000 -0.250000 0.443603
vertex 0.050000 -0.250000 0.443603
vertex 0.050000 0.250000 0.443603
endloop
endfacet
facet normal 0.000000 0.000000 -1.000000
outer loop
vertex 0.050000 0.250000 0.443603
vertex 0.150000 0.250000 0.443603
vertex 0.150000 -0.250000 0.443603
endloop
endfacet
facet normal 0.000000 -1.000000 0.000000
outer loop
vertex 0.050000 -0.250000 0.443603
vertex 0.150000 -0.250000 0.443603
vertex 0.140000 -0.250000 0.463603
endloop
endfacet
facet normal -0.000000 -1.000000 0.000000
outer loop
vertex 0.140000 -0.250000 0.463603
vertex 0.050000 -0.250000 0.463603
vertex 0.050000 -0.250000 0.443603
endloop
endfacet
facet normal -0.000000 -1.000000 0.000000
outer loop
vertex 0.150000 -0.250000 0.493603
vertex 0.140000 -0.250000 0.493603
vertex 0.140000 -0.250000 0.463603
endloop
endfacet
facet normal 0.000000 -1.000000 0.000000
outer loop
vertex 0.140000 -0.250000 0.463603
vertex 0.150000 -0.250000 0.443603
vertex 0.150000 -0.250000 0.493603
endloop
endfacet
facet normal 0.000000 -1.000000 0.000000
outer loop
vertex -0.050000 -0.250000 0.000000
vertex 0.050000 -0.250000 0.000000
vertex 0.050000 -0.250000 0.443603
endloop
endfacet
facet normal -0.000000 -1.000000 0.000000
outer loop
vertex 0.050000 -0.250000 0.443603
vertex -0.050000 -0.250000 0.500000
vertex -0.050000 -0.250000 0.000000
endloop
endfacet
facet normal -0.000000 -1.000000 -0.000000
outer loop
vertex 0.050000 -0.250000 0.463603
vertex -0.050000 -0.250000 0.500000
vertex 0.050000 -0.250000 0.443603
endloop
endfacet
facet normal 0.000000 1.000000 0.000000
outer loop
vertex 0.050000 0.250000 0.443603
vertex 0.050000 0.250000 0.463603
vertex 0.140000 0.250000 0.463603
endloop
endfacet
facet normal 0.000000 1.000000 0.000000
outer loop
vertex 0.150000 0.250000 0.493603
vertex 0.150000 0.250000 0.443603
vertex 0.140000 0.250000 0.463603
endloop
endfacet
facet normal 0.000000 1.000000 -0.000000
outer loop
vertex 0.050000 0.250000 0.443603
vertex -0.050000 0.250000 0.500000
vertex 0.050000 0.250000 0.463603
endloop
endfacet
facet normal 0.000000 1.000000 0.000000
outer loop
vertex -0.050000 0.250000 0.000000
vertex -0.050000 0.250000 0.500000
vertex 0.050000 0.250000 0.443603
endloop
endfacet
facet normal 0.000000 1.000000 0.000000
outer loop
vertex 0.140000 0.250000 0.463603
vertex 0.150000 0.250000 0.443603
vertex 0.050000 0.250000 0.443603
endloop
endfacet
facet normal 0.000000 1.000000 0.000000
outer loop
vertex 0.140000 0.250000 0.463603
vertex 0.140000 0.250000 0.493603
vertex 0.150000 0.250000 0.493603
endloop
endfacet
facet normal 0.000000 1.000000 0.000000
outer loop
vertex 0.050000 0.250000 0.443603
vertex 0.050000 0.250000 0.000000
vertex -0.050000 0.250000 0.000000
endloop
endfacet
facet normal 1.000000 0.000000 0.000000
outer loop
vertex 0.150000 -0.250000 0.443603
vertex 0.150000 0.250000 0.443603
vertex 0.150000 0.250000 0.493603
endloop
endfacet
facet normal 1.000000 0.000000 0.000000
outer loop
vertex 0.150000 0.250000 0.493603
vertex 0.150000 -0.250000 0.493603
vertex 0.150000 -0.250000 0.443603
endloop
endfacet
facet normal 0.000000 0.000000 1.000000
outer loop
vertex 0.140000 0.250000 0.493603
vertex 0.140000 -0.250000 0.493603
vertex 0.150000 -0.250000 0.493603
endloop
endfacet
facet normal 0.000000 -0.000000 1.000000
outer loop
vertex 0.150000 -0.250000 0.493603
vertex 0.150000 0.250000 0.493603
vertex 0.140000 0.250000 0.493603
endloop
endfacet
facet normal -1.000000 0.000000 0.000000
outer loop
vertex 0.140000 0.250000 0.463603
vertex 0.140000 -0.250000 0.463603
vertex 0.140000 -0.250000 0.493603
endloop
endfacet
facet normal -1.000000 0.000000 0.000000
outer loop
vertex 0.140000 -0.250000 0.493603
vertex 0.140000 0.250000 0.493603
vertex 0.140000 0.250000 0.463603
endloop
endfacet
facet normal -0.937978 -0.060379 0.341396
outer loop
vertex 0.004899 0.003285 0.416168
vertex 0.005085 0.000000 0.416100
vertex 0.025607 -0.000000 0.472481
endloop
endfacet
facet normal -0.924301 -0.180253 0.336418
outer loop
vertex 0.004341 0.006521 0.416371
vertex 0.004899 0.003285 0.416168
vertex 0.025420 0.003285 0.472549
endloop
endfacet
facet normal -0.897144 -0.297504 0.326534
outer loop
vertex 0.003421 0.009663 0.416706
vertex 0.004341 0.006521 0.416371
vertex 0.024863 0.006521 0.472752
endloop
endfacet
facet normal -0.856905 -0.410414 0.311888
outer loop
vertex 0.002152 0.012664 0.417167
vertex 0.003421 0.009663 0.416706
vertex 0.023943 0.009663 0.473087
endloop
endfacet
facet normal -0.804171 -0.517338 0.292695
outer loop
vertex 0.000553 0.015480 0.417750
vertex 0.002152 0.012664 0.417167
vertex 0.022674 0.012664 0.473549
endloop
endfacet
facet normal -0.739711 -0.616719 0.269233
outer loop
vertex -0.001354 0.018070 0.418444
vertex 0.000553 0.015480 0.417750
vertex 0.021074 0.015480 0.474131
endloop
endfacet
facet normal -0.664463 -0.707106 0.241845
outer loop
vertex -0.003541 0.020397 0.419240
vertex -0.001354 0.018070 0.418444
vertex 0.019167 0.018070 0.474825
endloop
endfacet
facet normal -0.579526 -0.787184 0.210930
outer loop
vertex -0.005975 0.022426 0.420126
vertex -0.003541 0.020397 0.419240
vertex 0.016980 0.020397 0.475621
endloop
endfacet
facet normal -0.486139 -0.855781 0.176940
outer loop
vertex -0.008621 0.024129 0.421089
vertex -0.005975 0.022426 0.420126
vertex 0.014546 0.022426 0.476507
endloop
endfacet
facet normal -0.385662 -0.911900 0.140369
outer loop
vertex -0.011441 0.025479 0.422115
vertex -0.008621 0.024129 0.421089
vertex 0.011900 0.024129 0.477470
endloop
endfacet
facet normal -0.279561 -0.954721 0.101752
outer loop
vertex -0.014393 0.026458 0.423189
vertex -0.011441 0.025479 0.422115
vertex 0.009080 0.025479 0.478497
endloop
endfacet
facet normal -0.169385 -0.983620 0.061651
outer loop
vertex -0.017435 0.027051 0.424297
vertex -0.014393 0.026458 0.423189
vertex 0.006128 0.026458 0.479571
endloop
endfacet
facet normal -0.056737 -0.998176 0.020651
outer loop
vertex -0.020521 0.027250 0.425420
vertex -0.017435 0.027051 0.424297
vertex 0.003087 0.027051 0.480678
endloop
endfacet
facet normal 0.056737 -0.998176 -0.020651
outer loop
vertex -0.023608 0.027051 0.426543
vertex -0.020521 0.027250 0.425420
vertex 0.000000 0.027250 0.481801
endloop
endfacet
facet normal 0.169385 -0.983620 -0.061651
outer loop
vertex -0.026649 0.026458 0.427650
vertex -0.023608 0.027051 0.426543
vertex -0.003087 0.027051 0.482925
endloop
endfacet
facet normal 0.279562 -0.954721 -0.101752
outer loop
vertex -0.029601 0.025479 0.428725
vertex -0.026649 0.026458 0.427650
vertex -0.006128 0.026458 0.484032
endloop
endfacet
facet normal 0.385662 -0.911900 -0.140369
outer loop
vertex -0.032421 0.024129 0.429751
vertex -0.029601 0.025479 0.428725
vertex -0.009080 0.025479 0.485106
endloop
endfacet
facet normal 0.486138 -0.855782 -0.176940
outer loop
vertex -0.035067 0.022426 0.430714
vertex -0.032421 0.024129 0.429751
vertex -0.011900 0.024129 0.486133
endloop
endfacet
facet normal 0.579526 -0.787184 -0.210930
outer loop
vertex -0.037502 0.020397 0.431600
vertex -0.035067 0.022426 0.430714
vertex -0.014546 0.022426 0.487096
endloop
endfacet
facet normal 0.664464 -0.707106 -0.241845
outer loop
vertex -0.039688 0.018070 0.432396
vertex -0.037502 0.020397 0.431600
vertex -0.016980 0.020397 0.487982
endloop
endfacet
facet normal 0.739711 -0.616719 -0.269233
outer loop
vertex -0.041595 0.015480 0.433090
vertex -0.039688 0.018070 0.432396
vertex -0.019167 0.018070 0.488778
endloop
endfacet
facet normal 0.804171 -0.517338 -0.292694
outer loop
vertex -0.043195 0.012664 0.433672
vertex -0.041595 0.015480 0.433090
vertex -0.021074 0.015480 0.489472
endloop
endfacet
facet normal 0.856905 -0.410414 -0.311888
outer loop
vertex -0.044464 0.009663 0.434134
vertex -0.043195 0.012664 0.433672
vertex -0.022674 0.012664 0.490054
endloop
endfacet
facet normal 0.897145 -0.297501 -0.326534
outer loop
vertex -0.045384 0.006521 0.434469
vertex -0.044464 0.009663 0.434134
vertex -0.023943 0.009663 0.490516
endloop
endfacet
facet normal 0.924300 -0.180256 -0.336418
outer loop
vertex -0.045941 0.003285 0.434672
vertex -0.045384 0.006521 0.434469
vertex -0.024863 0.006521 0.490851
endloop
endfacet
facet normal 0.937978 -0.060380 -0.341396
outer loop
vertex -0.046128 -0.000000 0.434740
vertex -0.045941 0.003285 0.434672
vertex -0.025420 0.003285 0.491054
endloop
endfacet
facet normal 0.937978 0.060380 -0.341396
outer loop
vertex -0.045941 -0.003285 0.434672
vertex -0.046128 -0.000000 0.434740
vertex -0.025607 -0.000000 0.491122
endloop
endfacet
facet normal 0.924300 0.180256 -0.336418
outer loop
vertex -0.045384 -0.006521 0.434469
vertex -0.045941 -0.003285 0.434672
vertex -0.025420 -0.003285 0.491054
endloop
endfacet
facet normal 0.897145 0.297501 -0.326534
outer loop
vertex -0.044464 -0.009663 0.434134
vertex -0.045384 -0.006521 0.434469
vertex -0.024863 -0.006521 0.490851
endloop
endfacet
facet normal 0.856905 0.410414 -0.311888
outer loop
vertex -0.043195 -0.012664 0.433672
vertex -0.044464 -0.009663 0.434134
vertex -0.023943 -0.009663 0.490516
endloop
endfacet
facet normal 0.804171 0.517338 -0.292694
outer loop
vertex -0.041595 -0.015480 0.433090
vertex -0.043195 -0.012664 0.433672
vertex -0.022674 -0.012664 0.490054
endloop
endfacet
facet normal 0.739711 0.616719 -0.269233
outer loop
vertex -0.039688 -0.018070 0.432396
vertex -0.041595 -0.015480 0.433090
vertex -0.021074 -0.015480 0.489472
endloop
endfacet
facet normal 0.664464 0.707106 -0.241845
outer loop
vertex -0.037502 -0.020397 0.431600
vertex -0.039688 -0.018070 0.432396
vertex -0.019167 -0.018070 0.488778
endloop
endfacet
facet normal 0.579526 0.787184 -0.210930
outer loop
vertex -0.035067 -0.022426 0.430714
vertex -0.037502 -0.020397 0.431600
vertex -0.016980 -0.020397 0.487982
endloop
endfacet
facet normal 0.486138 0.855782 -0.176940
outer loop
vertex -0.032421 -0.024129 0.429751
vertex -0.035067 -0.022426 0.430714
vertex -0.014546 -0.022426 0.487096
endloop
endfacet
facet normal 0.385662 0.911900 -0.140369
outer loop
vertex -0.029601 -0.025479 0.428725
vertex -0.032421 -0.024129 0.429751
vertex -0.011900 -0.024129 0.486133
endloop
endfacet
facet normal 0.279562 0.954721 -0.101752
outer loop
vertex -0.026649 -0.026458 0.427650
vertex -0.029601 -0.025479 0.428725
vertex -0.009080 -0.025479 0.485106
endloop
endfacet
facet normal 0.169385 0.983620 -0.061651
outer loop
vertex -0.023608 -0.027051 0.426543
vertex -0.026649 -0.026458 0.427650
vertex -0.006128 -0.026458 0.484032
endloop
endfacet
facet normal 0.056737 0.998176 -0.020651
outer loop
vertex -0.020521 -0.027250 0.425420
vertex -0.023608 -0.027051 0.426543
vertex -0.003087 -0.027051 0.482925
endloop
endfacet
facet normal -0.056737 0.998176 0.020651
outer loop
vertex -0.017435 -0.027051 0.424297
vertex -0.020521 -0.027250 0.425420
vertex 0.000000 -0.027250 0.481801
endloop
endfacet
facet normal -0.169385 0.983620 0.061651
outer loop
vertex -0.014393 -0.026458 0.423189
vertex -0.017435 -0.027051 0.424297
vertex 0.003087 -0.027051 0.480678
endloop
endfacet
facet normal -0.279561 0.954721 0.101752
outer loop
vertex -0.011441 -0.025479 0.422115
vertex -0.014393 -0.026458 0.423189
vertex 0.006128 -0.026458 0.479571
endloop
endfacet
facet normal -0.385662 0.911900 0.140369
outer loop
vertex -0.008621 -0.024129 0.421089
vertex -0.011441 -0.025479 0.422115
vertex 0.009080 -0.025479 0.478497
endloop
endfacet
facet normal -0.486139 0.855781 0.176940
outer loop
vertex -0.005975 -0.022426 0.420126
vertex -0.008621 -0.024129 0.421089
vertex 0.011900 -0.024129 0.477470
endloop
endfacet
facet normal -0.579526 0.787184 0.210930
outer loop
vertex -0.003541 -0.020397 0.419240
vertex -0.005975 -0.022426 0.420126
vertex 0.014546 -0.022426 0.476507
endloop
endfacet
facet normal -0.664464 0.707106 0.241845
outer loop
vertex -0.001354 -0.018070 0.418444
vertex -0.003541 -0.020397 0.419240
vertex 0.016980 -0.020397 0.475621
endloop
endfacet
facet normal -0.739711 0.616719 0.269233
outer loop
vertex 0.000553 -0.015480 0.417750
vertex -0.001354 -0.018070 0.418444
vertex 0.019167 -0.018070 0.474825
endloop
endfacet
facet normal -0.804171 0.517338 0.292695
outer loop
vertex 0.002152 -0.012664 0.417167
vertex 0.000553 -0.015480 0.417750
vertex 0.021074 -0.015480 0.474131
endloop
endfacet
facet normal -0.856905 0.410414 0.311888
outer loop
vertex 0.003421 -0.009663 0.416706
vertex 0.002152 -0.012664 0.417167
vertex 0.022674 -0.012664 0.473549
endloop
endfacet
facet normal -0.897144 0.297504 0.326534
outer loop
vertex 0.004341 -0.006521 0.416371
vertex 0.003421 -0.009663 0.416706
vertex 0.023943 -0.009663 0.473087
endloop
endfacet
facet normal -0.924301 0.180253 0.336418
outer loop
vertex 0.004899 -0.003285 0.416168
vertex 0.004341 -0.006521 0.416371
vertex 0.024863 -0.006521 0.472752
endloop
endfacet
facet normal -0.937978 0.060379 0.341396
outer loop
vertex 0.005085 0.000000 0.416100
vertex 0.004899 -0.003285 0.416168
vertex 0.025420 -0.003285 0.472549
endloop
endfacet
facet normal -0.937978 0.060380 0.341396
outer loop
vertex 0.025420 -0.003285 0.472549
vertex 0.025607 -0.000000 0.472481
vertex 0.005085 0.000000 0.416100
endloop
endfacet
facet normal -0.924301 0.180253 0.336418
outer loop
vertex 0.024863 -0.006521 0.472752
vertex 0.025420 -0.003285 0.472549
vertex 0.004899 -0.003285 0.416168
endloop
endfacet
facet normal -0.897144 0.297504 0.326534
outer loop
vertex 0.023943 -0.009663 0.473087
vertex 0.024863 -0.006521 0.472752
vertex 0.004341 -0.006521 0.416371
endloop
endfacet
facet normal -0.856906 0.410411 0.311888
outer loop
vertex 0.022674 -0.012664 0.473549
vertex 0.023943 -0.009663 0.473087
vertex 0.003421 -0.009663 0.416706
endloop
endfacet
facet normal -0.804171 0.517338 0.292695
outer loop
vertex 0.021074 -0.015480 0.474131
vertex 0.022674 -0.012664 0.473549
vertex 0.002152 -0.012664 0.417167
endloop
endfacet
facet normal -0.739711 0.616719 0.269233
outer loop
vertex 0.019167 -0.018070 0.474825
vertex 0.021074 -0.015480 0.474131
vertex 0.000553 -0.015480 0.417750
endloop
endfacet
facet normal -0.664462 0.707108 0.241845
outer loop
vertex 0.016980 -0.020397 0.475621
vertex 0.019167 -0.018070 0.474825
vertex -0.001354 -0.018070 0.418444
endloop
endfacet
facet normal -0.579526 0.787184 0.210930
outer loop
vertex 0.014546 -0.022426 0.476507
vertex 0.016980 -0.020397 0.475621
vertex -0.003541 -0.020397 0.419240
endloop
endfacet
facet normal -0.486139 0.855781 0.176940
outer loop
vertex 0.011900 -0.024129 0.477470
vertex 0.014546 -0.022426 0.476507
vertex -0.005975 -0.022426 0.420126
endloop
endfacet
facet normal -0.385662 0.911900 0.140369
outer loop
vertex 0.009080 -0.025479 0.478497
vertex 0.011900 -0.024129 0.477470
vertex -0.008621 -0.024129 0.421089
endloop
endfacet
facet normal -0.279562 0.954721 0.101752
outer loop
vertex 0.006128 -0.026458 0.479571
vertex 0.009080 -0.025479 0.478497
vertex -0.011441 -0.025479 0.422115
endloop
endfacet
facet normal -0.169385 0.983620 0.061651
outer loop
vertex 0.003087 -0.027051 0.480678
vertex 0.006128 -0.026458 0.479571
vertex -0.014393 -0.026458 0.423189
endloop
endfacet
facet normal -0.056737 0.998176 0.020651
outer loop
vertex 0.000000 -0.027250 0.481801
vertex 0.003087 -0.027051 0.480678
vertex -0.017435 -0.027051 0.424297
endloop
endfacet
facet normal 0.056737 0.998176 -0.020651
outer loop
vertex -0.003087 -0.027051 0.482925
vertex 0.000000 -0.027250 0.481801
vertex -0.020521 -0.027250 0.425420
endloop
endfacet
facet normal 0.169385 0.983620 -0.061651
outer loop
vertex -0.006128 -0.026458 0.484032
vertex -0.003087 -0.027051 0.482925
vertex -0.023608 -0.027051 0.426543
endloop
endfacet
facet normal 0.279562 0.954721 -0.101752
outer loop
vertex -0.009080 -0.025479 0.485106
vertex -0.006128 -0.026458 0.484032
vertex -0.026649 -0.026458 0.427650
endloop
endfacet
facet normal 0.385662 0.911900 -0.140369
outer loop
vertex -0.011900 -0.024129 0.486133
vertex -0.009080 -0.025479 0.485106
vertex -0.029601 -0.025479 0.428725
endloop
endfacet
facet normal 0.486138 0.855782 -0.176940
outer loop
vertex -0.014546 -0.022426 0.487096
vertex -0.011900 -0.024129 0.486133
vertex -0.032421 -0.024129 0.429751
endloop
endfacet
facet normal 0.579527 0.787183 -0.210931
outer loop
vertex -0.016980 -0.020397 0.487982
vertex -0.014546 -0.022426 0.487096
vertex -0.035067 -0.022426 0.430714
endloop
endfacet
facet normal 0.664462 0.707108 -0.241845
outer loop
vertex -0.019167 -0.018070 0.488778
vertex -0.016980 -0.020397 0.487982
vertex -0.037502 -0.020397 0.431600
endloop
endfacet
facet normal 0.739711 0.616719 -0.269233
outer loop
vertex -0.021074 -0.015480 0.489472
vertex -0.019167 -0.018070 0.488778
vertex -0.039688 -0.018070 0.432396
endloop
endfacet
facet normal 0.804171 0.517338 -0.292694
outer loop
vertex -0.022674 -0.012664 0.490054
vertex -0.021074 -0.015480 0.489472
vertex -0.041595 -0.015480 0.433090
endloop
endfacet
facet normal 0.856905 0.410414 -0.311888
outer loop
vertex -0.023943 -0.009663 0.490516
vertex -0.022674 -0.012664 0.490054
vertex -0.043195 -0.012664 0.433672
endloop
endfacet
facet normal 0.897145 0.297501 -0.326534
outer loop
vertex -0.024863 -0.006521 0.490851
vertex -0.023943 -0.009663 0.490516
vertex -0.044464 -0.009663 0.434134
endloop
endfacet
facet normal 0.924300 0.180256 -0.336418
outer loop
vertex -0.025420 -0.003285 0.491054
vertex -0.024863 -0.006521 0.490851
vertex -0.045384 -0.006521 0.434469
endloop
endfacet
facet normal 0.937978 0.060380 -0.341396
outer loop
vertex -0.025607 -0.000000 0.491122
vertex -0.025420 -0.003285 0.491054
vertex -0.045941 -0.003285 0.434672
endloop
endfacet
facet normal 0.937978 -0.060380 -0.341396
outer loop
vertex -0.025420 0.003285 0.491054
vertex -0.025607 -0.000000 0.491122
vertex -0.046128 -0.000000 0.434740
endloop
endfacet
facet normal 0.924300 -0.180256 -0.336418
outer loop
vertex -0.024863 0.006521 0.490851
vertex -0.025420 0.003285 0.491054
vertex -0.045941 0.003285 0.434672
endloop
endfacet
facet normal 0.897145 -0.297501 -0.326534
outer loop
vertex -0.023943 0.009663 0.490516
vertex -0.024863 0.006521 0.490851
vertex -0.045384 0.006521 0.434469
endloop
endfacet
facet normal 0.856905 -0.410414 -0.311888
outer loop
vertex -0.022674 0.012664 0.490054
vertex -0.023943 0.009663 0.490516
vertex -0.044464 0.009663 0.434134
endloop
endfacet
facet normal 0.804171 -0.517338 -0.292694
outer loop
vertex -0.021074 0.015480 0.489472
vertex -0.022674 0.012664 0.490054
vertex -0.043195 0.012664 0.433672
endloop
endfacet
facet normal 0.739711 -0.616719 -0.269233
outer loop
vertex -0.019167 0.018070 0.488778
vertex -0.021074 0.015480 0.489472
vertex -0.041595 0.015480 0.433090
endloop
endfacet
facet normal 0.664462 -0.707108 -0.241844
outer loop
vertex -0.016980 0.020397 0.487982
vertex -0.019167 0.018070 0.488778
vertex -0.039688 0.018070 0.432396
endloop
endfacet
facet normal 0.579527 -0.787183 -0.210931
outer loop
vertex -0.014546 0.022426 0.487096
vertex -0.016980 0.020397 0.487982
vertex -0.037502 0.020397 0.431600
endloop
endfacet
facet normal 0.486138 -0.855782 -0.176940
outer loop
vertex -0.011900 0.024129 0.486133
vertex -0.014546 0.022426 0.487096
vertex -0.035067 0.022426 0.430714
endloop
endfacet
facet normal 0.385662 -0.911900 -0.140369
outer loop
vertex -0.009080 0.025479 0.485106
vertex -0.011900 0.024129 0.486133
vertex -0.032421 0.024129 0.429751
endloop
endfacet
facet normal 0.279562 -0.954721 -0.101752
outer loop
vertex -0.006128 0.026458 0.484032
vertex -0.009080 0.025479 0.485106
vertex -0.029601 0.025479 0.428725
endloop
endfacet
facet normal 0.169385 -0.983620 -0.061651
outer loop
vertex -0.003087 0.027051 0.482925
vertex -0.006128 0.026458 0.484032
vertex -0.026649 0.026458 0.427650
endloop
endfacet
facet normal 0.056737 -0.998176 -0.020651
outer loop
vertex 0.000000 0.027250 0.481801
vertex -0.003087 0.027051 0.482925
vertex -0.023608 0.027051 0.426543
endloop
endfacet
facet normal -0.056737 -0.998176 0.020651
outer loop
vertex 0.003087 0.027051 0.480678
vertex 0.000000 0.027250 0.481801
vertex -0.020521 0.027250 0.425420
endloop
endfacet
facet normal -0.169385 -0.983620 0.061651
outer loop
vertex 0.006128 0.026458 0.479571
vertex 0.003087 0.027051 0.480678
vertex -0.017435 0.027051 0.424297
endloop
endfacet
facet normal -0.279562 -0.954721 0.101752
outer loop
vertex 0.009080 0.025479 0.478497
vertex 0.006128 0.026458 0.479571
vertex -0.014393 0.026458 0.423189
endloop
endfacet
facet normal -0.385662 -0.911900 0.140369
outer loop
vertex 0.011900 0.024129 0.477470
vertex 0.009080 0.025479 0.478497
vertex -0.011441 0.025479 0.422115
endloop
endfacet
facet normal -0.486139 -0.855781 0.176940
outer loop
vertex 0.014546 0.022426 0.476507
vertex 0.011900 0.024129 0.477470
vertex -0.008621 0.024129 0.421089
endloop
endfacet
facet normal -0.579526 -0.787184 0.210930
outer loop
vertex 0.016980 0.020397 0.475621
vertex 0.014546 0.022426 0.476507
vertex -0.005975 0.022426 0.420126
endloop
endfacet
facet normal -0.664462 -0.707108 0.241844
outer loop
vertex 0.019167 0.018070 0.474825
vertex 0.016980 0.020397 0.475621
vertex -0.003541 0.020397 0.419240
endloop
endfacet
facet normal -0.739711 -0.616719 0.269233
outer loop
vertex 0.021074 0.015480 0.474131
vertex 0.019167 0.018070 0.474825
vertex -0.001354 0.018070 0.418444
endloop
endfacet
facet normal -0.804171 -0.517338 0.292695
outer loop
vertex 0.022674 0.012664 0.473549
vertex 0.021074 0.015480 0.474131
vertex 0.000553 0.015480 0.417750
endloop
endfacet
facet normal -0.856906 -0.410411 0.311889
outer loop
vertex 0.023943 0.009663 0.473087
vertex 0.022674 0.012664 0.473549
vertex 0.002152 0.012664 0.417167
endloop
endfacet
facet normal -0.897144 -0.297504 0.326534
outer loop
vertex 0.024863 0.006521 0.472752
vertex 0.023943 0.009663 0.473087
vertex 0.003421 0.009663 0.416706
endloop
endfacet
facet normal -0.924301 -0.180253 0.336418
outer loop
vertex 0.025420 0.003285 0.472549
vertex 0.024863 0.006521 0.472752
vertex 0.004341 0.006521 0.416371
endloop
endfacet
facet normal -0.937978 -0.060380 0.341396
outer loop
vertex 0.025607 -0.000000 0.472481
vertex 0.025420 0.003285 0.472549
vertex 0.004899 0.003285 0.416168
endloop
endfacet
facet normal 0.342019 0.000005 0.939693
outer loop
vertex -0.020521 0.000000 0.425420
vertex 0.004899 0.003285 0.416168
vertex 0.004341 0.006521 0.416371
endloop
endfacet
facet normal 0.342021 -0.000003 0.939692
outer loop
vertex 0.004341 0.006521 0.416371
vertex 0.003421 0.009663 0.416706
vertex -0.020521 0.000000 0.425420
endloop
endfacet
facet normal 0.342021 -0.000003 0.939692
outer loop
vertex 0.003421 0.009663 0.416706
vertex 0.002152 0.012664 0.417167
vertex -0.020521 0.000000 0.425420
endloop
endfacet
facet normal 0.342020 -0.000001 0.939693
outer loop
vertex 0.002152 0.012664 0.417167
vertex 0.000553 0.015480 0.417750
vertex -0.020521 0.000000 0.425420
endloop
endfacet
facet normal 0.342019 -0.000000 0.939693
outer loop
vertex 0.000553 0.015480 0.417750
vertex -0.001354 0.018070 0.418444
vertex -0.020521 0.000000 0.425420
endloop
endfacet
facet normal 0.342017 0.000003 0.939694
outer loop
vertex -0.001354 0.018070 0.418444
vertex -0.003541 0.020397 0.419240
vertex -0.020521 0.000000 0.425420
endloop
endfacet
facet normal 0.342022 -0.000002 0.939692
outer loop
vertex -0.003541 0.020397 0.419240
vertex -0.005975 0.022426 0.420126
vertex -0.020521 0.000000 0.425420
endloop
endfacet
facet normal 0.342017 0.000002 0.939694
outer loop
vertex -0.005975 0.022426 0.420126
vertex -0.008621 0.024129 0.421089
vertex -0.020521 0.000000 0.425420
endloop
endfacet
facet normal 0.342020 0.000000 0.939693
outer loop
vertex -0.008621 0.024129 0.421089
vertex -0.011441 0.025479 0.422115
vertex -0.020521 0.000000 0.425420
endloop
endfacet
facet normal 0.342018 0.000001 0.939693
outer loop
vertex -0.011441 0.025479 0.422115
vertex -0.014393 0.026458 0.423189
vertex -0.020521 0.000000 0.425420
endloop
endfacet
facet normal 0.342020 0.000000 0.939693
outer loop
vertex -0.014393 0.026458 0.423189
vertex -0.017435 0.027051 0.424297
vertex -0.020521 0.000000 0.425420
endloop
endfacet
facet normal 0.342022 0.000000 0.939692
outer loop
vertex -0.017435 0.027051 0.424297
vertex -0.020521 0.027250 0.425420
vertex -0.020521 0.000000 0.425420
endloop
endfacet
facet normal 0.342021 0.000000 0.939692
outer loop
vertex -0.020521 0.027250 0.425420
vertex -0.023608 0.027051 0.426543
vertex -0.020521 0.000000 0.425420
endloop
endfacet
facet normal 0.342020 -0.000000 0.939693
outer loop
vertex -0.023608 0.027051 0.426543
vertex -0.026649 0.026458 0.427650
vertex -0.020521 0.000000 0.425420
endloop
endfacet
facet normal 0.342018 -0.000001 0.939693
outer loop
vertex -0.026649 0.026458 0.427650
vertex -0.029601 0.025479 0.428725
vertex -0.020521 0.000000 0.425420
endloop
endfacet
facet normal 0.342020 -0.000000 0.939693
outer loop
vertex -0.029601 0.025479 0.428725
vertex -0.032421 0.024129 0.429751
vertex -0.020521 0.000000 0.425420
endloop
endfacet
facet normal 0.342024 0.000002 0.939691
outer loop
vertex -0.032421 0.024129 0.429751
vertex -0.035067 0.022426 0.430714
vertex -0.020521 0.000000 0.425420
endloop
endfacet
facet normal 0.342023 0.000002 0.939692
outer loop
vertex -0.035067 0.022426 0.430714
vertex -0.037502 0.020397 0.431600
vertex -0.020521 0.000000 0.425420
endloop
endfacet
facet normal 0.342018 -0.000003 0.939693
outer loop
vertex -0.037502 0.020397 0.431600
vertex -0.039688 0.018070 0.432396
vertex -0.020521 0.000000 0.425420
endloop
endfacet
facet normal 0.342020 -0.000000 0.939693
outer loop
vertex -0.039688 0.018070 0.432396
vertex -0.041595 0.015480 0.433090
vertex -0.020521 0.000000 0.425420
endloop
endfacet
facet normal 0.342021 0.000000 0.939692
outer loop
vertex -0.041595 0.015480 0.433090
vertex -0.043195 0.012664 0.433672
vertex -0.020521 0.000000 0.425420
endloop
endfacet
facet normal 0.342022 0.000003 0.939692
outer loop
vertex -0.043195 0.012664 0.433672
vertex -0.044464 0.009663 0.434134
vertex -0.020521 0.000000 0.425420
endloop
endfacet
facet normal 0.342019 -0.000006 0.939693
outer loop
vertex -0.044464 0.009663 0.434134
vertex -0.045384 0.006521 0.434469
vertex -0.020521 0.000000 0.425420
endloop
endfacet
facet normal 0.342021 0.000003 0.939692
outer loop
vertex -0.045384 0.006521 0.434469
vertex -0.045941 0.003285 0.434672
vertex -0.020521 0.000000 0.425420
endloop
endfacet
facet normal 0.342021 0.000002 0.939692
outer loop
vertex -0.045941 0.003285 0.434672
vertex -0.046128 -0.000000 0.434740
vertex -0.020521 0.000000 0.425420
endloop
endfacet
facet normal 0.342021 -0.000002 0.939692
outer loop
vertex -0.046128 -0.000000 0.434740
vertex -0.045941 -0.003285 0.434672
vertex -0.020521 0.000000 0.425420
endloop
endfacet
facet normal 0.342021 -0.000003 0.939692
outer loop
vertex -0.045941 -0.003285 0.434672
vertex -0.045384 -0.006521 0.434469
vertex -0.020521 0.000000 0.425420
endloop
endfacet
facet normal 0.342019 0.000006 0.939693
outer loop
vertex -0.045384 -0.006521 0.434469
vertex -0.044464 -0.009663 0.434134
vertex -0.020521 0.000000 0.425420
endloop
endfacet
facet normal 0.342022 -0.000003 0.939692
outer loop
vertex -0.044464 -0.009663 0.434134
vertex -0.043195 -0.012664 0.433672
vertex -0.020521 0.000000 0.425420
endloop
endfacet
facet normal 0.342021 -0.000000 0.939692
outer loop
vertex -0.043195 -0.012664 0.433672
vertex -0.041595 -0.015480 0.433090
vertex -0.020521 0.000000 0.425420
endloop
endfacet
facet normal 0.342020 0.000000 0.939693
outer loop
vertex -0.041595 -0.015480 0.433090
vertex -0.039688 -0.018070 0.432396
vertex -0.020521 0.000000 0.425420
endloop
endfacet
facet normal 0.342018 0.000003 0.939693
outer loop
vertex -0.039688 -0.018070 0.432396
vertex -0.037502 -0.020397 0.431600
vertex -0.020521 0.000000 0.425420
endloop
endfacet
facet normal 0.342023 -0.000002 0.939692
outer loop
vertex -0.037502 -0.020397 0.431600
vertex -0.035067 -0.022426 0.430714
vertex -0.020521 0.000000 0.425420
endloop
endfacet
facet normal 0.342024 -0.000002 0.939691
outer loop
vertex -0.035067 -0.022426 0.430714
vertex -0.032421 -0.024129 0.429751
vertex -0.020521 0.000000 0.425420
endloop
endfacet
facet normal 0.342020 0.000000 0.939693
outer loop
vertex -0.032421 -0.024129 0.429751
vertex -0.029601 -0.025479 0.428725
vertex -0.020521 0.000000 0.425420
endloop
endfacet
facet normal 0.342018 0.000001 0.939693
outer loop
vertex -0.029601 -0.025479 0.428725
vertex -0.026649 -0.026458 0.427650
vertex -0.020521 0.000000 0.425420
endloop
endfacet
facet normal 0.342020 0.000000 0.939693
outer loop
vertex -0.026649 -0.026458 0.427650
vertex -0.023608 -0.027051 0.426543
vertex -0.020521 0.000000 0.425420
endloop
endfacet
facet normal 0.342021 0.000000 0.939692
outer loop
vertex -0.023608 -0.027051 0.426543
vertex -0.020521 -0.027250 0.425420
vertex -0.020521 0.000000 0.425420
endloop
endfacet
facet normal 0.342022 -0.000000 0.939692
outer loop
vertex -0.020521 -0.027250 0.425420
vertex -0.017435 -0.027051 0.424297
vertex -0.020521 0.000000 0.425420
endloop
endfacet
facet normal 0.342020 -0.000000 0.939693
outer loop
vertex -0.017435 -0.027051 0.424297
vertex -0.014393 -0.026458 0.423189
vertex -0.020521 0.000000 0.425420
endloop
endfacet
facet normal 0.342018 -0.000001 0.939693
outer loop
vertex -0.014393 -0.026458 0.423189
vertex -0.011441 -0.025479 0.422115
vertex -0.020521 0.000000 0.425420
endloop
endfacet
facet normal 0.342020 -0.000000 0.939693
outer loop
vertex -0.011441 -0.025479 0.422115
vertex -0.008621 -0.024129 0.421089
vertex -0.020521 0.000000 0.425420
endloop
endfacet
facet normal 0.342017 -0.000002 0.939694
outer loop
vertex -0.008621 -0.024129 0.421089
vertex -0.005975 -0.022426 0.420126
vertex -0.020521 0.000000 0.425420
endloop
endfacet
facet normal 0.342022 0.000002 0.939692
outer loop
vertex -0.005975 -0.022426 0.420126
vertex -0.003541 -0.020397 0.419240
vertex -0.020521 0.000000 0.425420
endloop
endfacet
facet normal 0.342017 -0.000003 0.939694
outer loop
vertex -0.003541 -0.020397 0.419240
vertex -0.001354 -0.018070 0.418444
vertex -0.020521 0.000000 0.425420
endloop
endfacet
facet normal 0.342019 0.000000 0.939693
outer loop
vertex -0.001354 -0.018070 0.418444
vertex 0.000553 -0.015480 0.417750
vertex -0.020521 0.000000 0.425420
endloop
endfacet
facet normal 0.342020 0.000001 0.939693
outer loop
vertex 0.000553 -0.015480 0.417750
vertex 0.002152 -0.012664 0.417167
vertex -0.020521 0.000000 0.425420
endloop
endfacet
facet normal 0.342021 0.000003 0.939692
outer loop
vertex 0.002152 -0.012664 0.417167
vertex 0.003421 -0.009663 0.416706
vertex -0.020521 0.000000 0.425420
endloop
endfacet
facet normal 0.342021 0.000003 0.939692
outer loop
vertex 0.003421 -0.009663 0.416706
vertex 0.004341 -0.006521 0.416371
vertex -0.020521 0.000000 0.425420
endloop
endfacet
facet normal 0.342019 -0.000005 0.939693
outer loop
vertex 0.004341 -0.006521 0.416371
vertex 0.004899 -0.003285 0.416168
vertex -0.020521 0.000000 0.425420
endloop
endfacet
facet normal 0.342020 0.000003 0.939693
outer loop
vertex 0.004899 -0.003285 0.416168
vertex 0.005085 0.000000 0.416100
vertex -0.020521 0.000000 0.425420
endloop
endfacet
facet normal 0.342020 -0.000003 0.939693
outer loop
vertex 0.005085 0.000000 0.416100
vertex 0.004899 0.003285 0.416168
vertex -0.020521 0.000000 0.425420
endloop
endfacet
facet normal -0.937978 -0.060380 0.341396
outer loop
vertex 0.004899 0.128285 0.416168
vertex 0.005085 0.125000 0.416100
vertex 0.025607 0.125000 0.472481
endloop
endfacet
facet normal -0.924301 -0.180253 0.336418
outer loop
vertex 0.004341 0.131521 0.416371
vertex 0.004899 0.128285 0.416168
vertex 0.025420 0.128285 0.472549
endloop
endfacet
facet normal -0.897144 -0.297504 0.326534
outer loop
vertex 0.003421 0.134663 0.416706
vertex 0.004341 0.131521 0.416371
vertex 0.024863 0.131521 0.472752
endloop
endfacet
facet normal -0.856906 -0.410413 0.311888
outer loop
vertex 0.002152 0.137664 0.417167
vertex 0.003421 0.134663 0.416706
vertex 0.023943 0.134663 0.473087
endloop
endfacet
facet normal -0.804171 -0.517338 0.292694
outer loop
vertex 0.000553 0.140480 0.417750
vertex 0.002152 0.137664 0.417167
vertex 0.022674 0.137664 0.473549
endloop
endfacet
facet normal -0.739711 -0.616718 0.269233
outer loop
vertex -0.001354 0.143070 0.418444
vertex 0.000553 0.140480 0.417750
vertex 0.021074 0.140480 0.474131
endloop
endfacet
facet normal -0.664462 -0.707108 0.241844
outer loop
vertex -0.003541 0.145397 0.419240
vertex -0.001354 0.143070 0.418444
vertex 0.019167 0.143070 0.474825
endloop
endfacet
facet normal -0.579528 -0.787182 0.210931
outer loop
vertex -0.005975 0.147426 0.420126
vertex -0.003541 0.145397 0.419240
vertex 0.016980 0.145397 0.475621
endloop
endfacet
facet normal -0.486138 -0.855781 0.176940
outer loop
vertex -0.008621 0.149129 0.421089
vertex -0.005975 0.147426 0.420126
vertex 0.014546 0.147426 0.476507
endloop
endfacet
facet normal -0.385660 -0.911901 0.140369
outer loop
vertex -0.011441 0.150479 0.422115
vertex -0.008621 0.149129 0.421089
vertex 0.011900 0.149129 0.477470
endloop
endfacet
facet normal -0.279562 -0.954721 0.101752
outer loop
vertex -0.014393 0.151458 0.423189
vertex -0.011441 0.150479 0.422115
vertex 0.009080 0.150479 0.478497
endloop
endfacet
facet normal -0.169385 -0.983620 0.061651
outer loop
vertex -0.017435 0.152051 0.424297
vertex -0.014393 0.151458 0.423189
vertex 0.006128 0.151458 0.479571
endloop
endfacet
facet normal -0.056738 -0.998176 0.020651
outer loop
vertex -0.020521 0.152250 0.425420
vertex -0.017435 0.152051 0.424297
vertex 0.003087 0.152051 0.480678
endloop
endfacet
facet normal 0.056738 -0.998176 -0.020651
outer loop
vertex -0.023608 0.152051 0.426543
vertex -0.020521 0.152250 0.425420
vertex 0.000000 0.152250 0.481801
endloop
endfacet
facet normal 0.169385 -0.983620 -0.061651
outer loop
vertex -0.026649 0.151458 0.427650
vertex -0.023608 0.152051 0.426543
vertex -0.003087 0.152051 0.482925
endloop
endfacet
facet normal 0.279562 -0.954721 -0.101752
outer loop
vertex -0.029601 0.150479 0.428725
vertex -0.026649 0.151458 0.427650
vertex -0.006128 0.151458 0.484032
endloop
endfacet
facet normal 0.385660 -0.911901 -0.140369
outer loop
vertex -0.032421 0.149129 0.429751
vertex -0.029601 0.150479 0.428725
vertex -0.009080 0.150479 0.485106
endloop
endfacet
facet normal 0.486137 -0.855782 -0.176939
outer loop
vertex -0.035067 0.147426 0.430714
vertex -0.032421 0.149129 0.429751
vertex -0.011900 0.149129 0.486133
endloop
endfacet
facet normal 0.579528 -0.787182 -0.210931
outer loop
vertex -0.037502 0.145397 0.431600
vertex -0.035067 0.147426 0.430714
vertex -0.014546 0.147426 0.487096
endloop
endfacet
facet normal 0.664462 -0.707108 -0.241844
outer loop
vertex -0.039688 0.143070 0.432396
vertex -0.037502 0.145397 0.431600
vertex -0.016980 0.145397 0.487982
endloop
endfacet
facet normal 0.739711 -0.616718 -0.269233
outer loop
vertex -0.041595 0.140480 0.433090
vertex -0.039688 0.143070 0.432396
vertex -0.019167 0.143070 0.488778
endloop
endfacet
facet normal 0.804171 -0.517338 -0.292694
outer loop
vertex -0.043195 0.137664 0.433672
vertex -0.041595 0.140480 0.433090
vertex -0.021074 0.140480 0.489472
endloop
endfacet
facet normal 0.856906 -0.410413 -0.311888
outer loop
vertex -0.044464 0.134663 0.434134
vertex -0.043195 0.137664 0.433672
vertex -0.022674 0.137664 0.490054
endloop
endfacet
facet normal 0.897145 -0.297501 -0.326534
outer loop
vertex -0.045384 0.131521 0.434469
vertex -0.044464 0.134663 0.434134
vertex -0.023943 0.134663 0.490516
endloop
endfacet
facet normal 0.924300 -0.180256 -0.336418
outer loop
vertex -0.045941 0.128285 0.434672
vertex -0.045384 0.131521 0.434469
vertex -0.024863 0.131521 0.490851
endloop
endfacet
facet normal 0.937978 -0.060380 -0.341396
outer loop
vertex -0.046128 0.125000 0.434740
vertex -0.045941 0.128285 0.434672
vertex -0.025420 0.128285 0.491054
endloop
endfacet
facet normal 0.937978 0.060380 -0.341396
outer loop
vertex -0.045941 0.121715 0.434672
vertex -0.046128 0.125000 0.434740
vertex -0.025607 0.125000 0.491122
endloop
endfacet
facet normal 0.924300 0.180256 -0.336418
outer loop
vertex -0.045384 0.118479 0.434469
vertex -0.045941 0.121715 0.434672
vertex -0.025420 0.121715 0.491054
endloop
endfacet
facet normal 0.897145 0.297501 -0.326534
outer loop
vertex -0.044464 0.115337 0.434134
vertex -0.045384 0.118479 0.434469
vertex -0.024863 0.118479 0.490851
endloop
endfacet
facet normal 0.856905 0.410415 -0.311888
outer loop
vertex -0.043195 0.112336 0.433672
vertex -0.044464 0.115337 0.434134
vertex -0.023943 0.115337 0.490516
endloop
endfacet
facet normal 0.804172 0.517336 -0.292695
outer loop
vertex -0.041595 0.109520 0.433090
vertex -0.043195 0.112336 0.433672
vertex -0.022674 0.112336 0.490054
endloop
endfacet
facet normal 0.739710 0.616719 -0.269232
outer loop
vertex -0.039688 0.106930 0.432396
vertex -0.041595 0.109520 0.433090
vertex -0.021074 0.109520 0.489472
endloop
endfacet
facet normal 0.664464 0.707106 -0.241845
outer loop
vertex -0.037502 0.104603 0.431600
vertex -0.039688 0.106930 0.432396
vertex -0.019167 0.106930 0.488778
endloop
endfacet
facet normal 0.579525 0.787185 -0.210930
outer loop
vertex -0.035067 0.102574 0.430714
vertex -0.037502 0.104603 0.431600
vertex -0.016980 0.104603 0.487982
endloop
endfacet
facet normal 0.486139 0.855781 -0.176940
outer loop
vertex -0.032421 0.100871 0.429751
vertex -0.035067 0.102574 0.430714
vertex -0.014546 0.102574 0.487096
endloop
endfacet
facet normal 0.385662 0.911900 -0.140370
outer loop
vertex -0.029601 0.099521 0.428725
vertex -0.032421 0.100871 0.429751
vertex -0.011900 0.100871 0.486133
endloop
endfacet
facet normal 0.279562 0.954721 -0.101752
outer loop
vertex -0.026649 0.098542 0.427650
vertex -0.029601 0.099521 0.428725
vertex -0.009080 0.099521 0.485106
endloop
endfacet
facet normal 0.169383 0.983620 -0.061650
outer loop
vertex -0.023608 0.097949 0.426543
vertex -0.026649 0.098542 0.427650
vertex -0.006128 0.098542 0.484032
endloop
endfacet
facet normal 0.056738 0.998176 -0.020651
outer loop
vertex -0.020521 0.097750 0.425420
vertex -0.023608 0.097949 0.426543
vertex -0.003087 0.097949 0.482925
endloop
endfacet
facet normal -0.056738 0.998176 0.020651
outer loop
vertex -0.017435 0.097949 0.424297
vertex -0.020521 0.097750 0.425420
vertex 0.000000 0.097750 0.481801
endloop
endfacet
facet normal -0.169383 0.983620 0.061650
outer loop
vertex -0.014393 0.098542 0.423189
vertex -0.017435 0.097949 0.424297
vertex 0.003087 0.097949 0.480678
endloop
endfacet
facet normal -0.279562 0.954721 0.101752
outer loop
vertex -0.011441 0.099521 0.422115
vertex -0.014393 0.098542 0.423189
vertex 0.006128 0.098542 0.479571
endloop
endfacet
facet normal -0.385662 0.911900 0.140370
outer loop
vertex -0.008621 0.100871 0.421089
vertex -0.011441 0.099521 0.422115
vertex 0.009080 0.099521 0.478497
endloop
endfacet
facet normal -0.486140 0.855780 0.176940
outer loop
vertex -0.005975 0.102574 0.420126
vertex -0.008621 0.100871 0.421089
vertex 0.011900 0.100871 0.477470
endloop
endfacet
facet normal -0.579525 0.787185 0.210930
outer loop
vertex -0.003541 0.104603 0.419240
vertex -0.005975 0.102574 0.420126
vertex 0.014546 0.102574 0.476507
endloop
endfacet
facet normal -0.664464 0.707106 0.241845
outer loop
vertex -0.001354 0.106930 0.418444
vertex -0.003541 0.104603 0.419240
vertex 0.016980 0.104603 0.475621
endloop
endfacet
facet normal -0.739710 0.616719 0.269233
outer loop
vertex 0.000553 0.109520 0.417750
vertex -0.001354 0.106930 0.418444
vertex 0.019167 0.106930 0.474825
endloop
endfacet
facet normal -0.804172 0.517336 0.292695
outer loop
vertex 0.002152 0.112336 0.417167
vertex 0.000553 0.109520 0.417750
vertex 0.021074 0.109520 0.474131
endloop
endfacet
facet normal -0.856904 0.410415 0.311888
outer loop
vertex 0.003421 0.115337 0.416706
vertex 0.002152 0.112336 0.417167
vertex 0.022674 0.112336 0.473549
endloop
endfacet
facet normal -0.897144 0.297503 0.326534
outer loop
vertex 0.004341 0.118479 0.416371
vertex 0.003421 0.115337 0.416706
vertex 0.023943 0.115337 0.473087
endloop
endfacet
facet normal -0.924301 0.180253 0.336418
outer loop
vertex 0.004899 0.121715 0.416168
vertex 0.004341 0.118479 0.416371
vertex 0.024863 0.118479 0.472752
endloop
endfacet
facet normal -0.937978 0.060380 0.341396
outer loop
vertex 0.005085 0.125000 0.416100
vertex 0.004899 0.121715 0.416168
vertex 0.025420 0.121715 0.472549
endloop
endfacet
facet normal -0.937978 0.060380 0.341396
outer loop
vertex 0.025420 0.121715 0.472549
vertex 0.025607 0.125000 0.472481
vertex 0.005085 0.125000 0.416100
endloop
endfacet
facet normal -0.924301 0.180253 0.336418
outer loop
vertex 0.024863 0.118479 0.472752
vertex 0.025420 0.121715 0.472549
vertex 0.004899 0.121715 0.416168
endloop
endfacet
facet normal -0.897144 0.297503 0.326534
outer loop
vertex 0.023943 0.115337 0.473087
vertex 0.024863 0.118479 0.472752
vertex 0.004341 0.118479 0.416371
endloop
endfacet
facet normal -0.856906 0.410413 0.311888
outer loop
vertex 0.022674 0.112336 0.473549
vertex 0.023943 0.115337 0.473087
vertex 0.003421 0.115337 0.416706
endloop
endfacet
facet normal -0.804172 0.517336 0.292695
outer loop
vertex 0.021074 0.109520 0.474131
vertex 0.022674 0.112336 0.473549
vertex 0.002152 0.112336 0.417167
endloop
endfacet
facet normal -0.739710 0.616719 0.269233
outer loop
vertex 0.019167 0.106930 0.474825
vertex 0.021074 0.109520 0.474131
vertex 0.000553 0.109520 0.417750
endloop
endfacet
facet normal -0.664463 0.707107 0.241845
outer loop
vertex 0.016980 0.104603 0.475621
vertex 0.019167 0.106930 0.474825
vertex -0.001354 0.106930 0.418444
endloop
endfacet
facet normal -0.579525 0.787185 0.210930
outer loop
vertex 0.014546 0.102574 0.476507
vertex 0.016980 0.104603 0.475621
vertex -0.003541 0.104603 0.419240
endloop
endfacet
facet normal -0.486140 0.855781 0.176940
outer loop
vertex 0.011900 0.100871 0.477470
vertex 0.014546 0.102574 0.476507
vertex -0.005975 0.102574 0.420126
endloop
endfacet
facet normal -0.385662 0.911900 0.140370
outer loop
vertex 0.009080 0.099521 0.478497
vertex 0.011900 0.100871 0.477470
vertex -0.008621 0.100871 0.421089
endloop
endfacet
facet normal -0.279562 0.954721 0.101752
outer loop
vertex 0.006128 0.098542 0.479571
vertex 0.009080 0.099521 0.478497
vertex -0.011441 0.099521 0.422115
endloop
endfacet
facet normal -0.169383 0.983620 0.061650
outer loop
vertex 0.003087 0.097949 0.480678
vertex 0.006128 0.098542 0.479571
vertex -0.014393 0.098542 0.423189
endloop
endfacet
facet normal -0.056738 0.998176 0.020651
outer loop
vertex 0.000000 0.097750 0.481801
vertex 0.003087 0.097949 0.480678
vertex -0.017435 0.097949 0.424297
endloop
endfacet
facet normal 0.056738 0.998176 -0.020651
outer loop
vertex -0.003087 0.097949 0.482925
vertex 0.000000 0.097750 0.481801
vertex -0.020521 0.097750 0.425420
endloop
endfacet
facet normal 0.169383 0.983620 -0.061650
outer loop
vertex -0.006128 0.098542 0.484032
vertex -0.003087 0.097949 0.482925
vertex -0.023608 0.097949 0.426543
endloop
endfacet
facet normal 0.279562 0.954721 -0.101752
outer loop
vertex -0.009080 0.099521 0.485106
vertex -0.006128 0.098542 0.484032
vertex -0.026649 0.098542 0.427650
endloop
endfacet
facet normal 0.385662 0.911900 -0.140370
outer loop
vertex -0.011900 0.100871 0.486133
vertex -0.009080 0.099521 0.485106
vertex -0.029601 0.099521 0.428725
endloop
endfacet
facet normal 0.486138 0.855781 -0.176940
outer loop
vertex -0.014546 0.102574 0.487096
vertex -0.011900 0.100871 0.486133
vertex -0.032421 0.100871 0.429751
endloop
endfacet
facet normal 0.579526 0.787183 -0.210930
outer loop
vertex -0.016980 0.104603 0.487982
vertex -0.014546 0.102574 0.487096
vertex -0.035067 0.102574 0.430714
endloop
endfacet
facet normal 0.664463 0.707107 -0.241845
outer loop
vertex -0.019167 0.106930 0.488778
vertex -0.016980 0.104603 0.487982
vertex -0.037502 0.104603 0.431600
endloop
endfacet
facet normal 0.739710 0.616719 -0.269232
outer loop
vertex -0.021074 0.109520 0.489472
vertex -0.019167 0.106930 0.488778
vertex -0.039688 0.106930 0.432396
endloop
endfacet
facet normal 0.804172 0.517336 -0.292695
outer loop
vertex -0.022674 0.112336 0.490054
vertex -0.021074 0.109520 0.489472
vertex -0.041595 0.109520 0.433090
endloop
endfacet
facet normal 0.856905 0.410415 -0.311888
outer loop
vertex -0.023943 0.115337 0.490516
vertex -0.022674 0.112336 0.490054
vertex -0.043195 0.112336 0.433672
endloop
endfacet
facet normal 0.897145 0.297500 -0.326534
outer loop
vertex -0.024863 0.118479 0.490851
vertex -0.023943 0.115337 0.490516
vertex -0.044464 0.115337 0.434134
endloop
endfacet
facet normal 0.924300 0.180256 -0.336418
outer loop
vertex -0.025420 0.121715 0.491054
vertex -0.024863 0.118479 0.490851
vertex -0.045384 0.118479 0.434469
endloop
endfacet
facet normal 0.937978 0.060380 -0.341396
outer loop
vertex -0.025607 0.125000 0.491122
vertex -0.025420 0.121715 0.491054
vertex -0.045941 0.121715 0.434672
endloop
endfacet
facet normal 0.937978 -0.060380 -0.341396
outer loop
vertex -0.025420 0.128285 0.491054
vertex -0.025607 0.125000 0.491122
vertex -0.046128 0.125000 0.434740
endloop
endfacet
facet normal 0.924300 -0.180256 -0.336418
outer loop
vertex -0.024863 0.131521 0.490851
vertex -0.025420 0.128285 0.491054
vertex -0.045941 0.128285 0.434672
endloop
endfacet
facet normal 0.897145 -0.297501 -0.326534
outer loop
vertex -0.023943 0.134663 0.490516
vertex -0.024863 0.131521 0.490851
vertex -0.045384 0.131521 0.434469
endloop
endfacet
facet normal 0.856906 -0.410413 -0.311888
outer loop
vertex -0.022674 0.137664 0.490054
vertex -0.023943 0.134663 0.490516
vertex -0.044464 0.134663 0.434134
endloop
endfacet
facet normal 0.804171 -0.517338 -0.292694
outer loop
vertex -0.021074 0.140480 0.489472
vertex -0.022674 0.137664 0.490054
vertex -0.043195 0.137664 0.433672
endloop
endfacet
facet normal 0.739711 -0.616718 -0.269233
outer loop
vertex -0.019167 0.143070 0.488778
vertex -0.021074 0.140480 0.489472
vertex -0.041595 0.140480 0.433090
endloop
endfacet
facet normal 0.664460 -0.707110 -0.241844
outer loop
vertex -0.016980 0.145397 0.487982
vertex -0.019167 0.143070 0.488778
vertex -0.039688 0.143070 0.432396
endloop
endfacet
facet normal 0.579529 -0.787181 -0.210931
outer loop
vertex -0.014546 0.147426 0.487096
vertex -0.016980 0.145397 0.487982
vertex -0.037502 0.145397 0.431600
endloop
endfacet
facet normal 0.486137 -0.855782 -0.176939
outer loop
vertex -0.011900 0.149129 0.486133
vertex -0.014546 0.147426 0.487096
vertex -0.035067 0.147426 0.430714
endloop
endfacet
facet normal 0.385660 -0.911901 -0.140369
outer loop
vertex -0.009080 0.150479 0.485106
vertex -0.011900 0.149129 0.486133
vertex -0.032421 0.149129 0.429751
endloop
endfacet
facet normal 0.279562 -0.954721 -0.101752
outer loop
vertex -0.006128 0.151458 0.484032
vertex -0.009080 0.150479 0.485106
vertex -0.029601 0.150479 0.428725
endloop
endfacet
facet normal 0.169385 -0.983620 -0.061651
outer loop
vertex -0.003087 0.152051 0.482925
vertex -0.006128 0.151458 0.484032
vertex -0.026649 0.151458 0.427650
endloop
endfacet
facet normal 0.056738 -0.998176 -0.020651
outer loop
vertex 0.000000 0.152250 0.481801
vertex -0.003087 0.152051 0.482925
vertex -0.023608 0.152051 0.426543
endloop
endfacet
facet normal -0.056738 -0.998176 0.020651
outer loop
vertex 0.003087 0.152051 0.480678
vertex 0.000000 0.152250 0.481801
vertex -0.020521 0.152250 0.425420
endloop
endfacet
facet normal -0.169385 -0.983620 0.061651
outer loop
vertex 0.006128 0.151458 0.479571
vertex 0.003087 0.152051 0.480678
vertex -0.017435 0.152051 0.424297
endloop
endfacet
facet normal -0.279562 -0.954721 0.101752
outer loop
vertex 0.009080 0.150479 0.478497
vertex 0.006128 0.151458 0.479571
vertex -0.014393 0.151458 0.423189
endloop
endfacet
facet normal -0.385660 -0.911901 0.140369
outer loop
vertex 0.011900 0.149129 0.477470
vertex 0.009080 0.150479 0.478497
vertex -0.011441 0.150479 0.422115
endloop
endfacet
facet normal -0.486138 -0.855782 0.176940
outer loop
vertex 0.014546 0.147426 0.476507
vertex 0.011900 0.149129 0.477470
vertex -0.008621 0.149129 0.421089
endloop
endfacet
facet normal -0.579528 -0.787182 0.210931
outer loop
vertex 0.016980 0.145397 0.475621
vertex 0.014546 0.147426 0.476507
vertex -0.005975 0.147426 0.420126
endloop
endfacet
facet normal -0.664460 -0.707110 0.241844
outer loop
vertex 0.019167 0.143070 0.474825
vertex 0.016980 0.145397 0.475621
vertex -0.003541 0.145397 0.419240
endloop
endfacet
facet normal -0.739711 -0.616718 0.269233
outer loop
vertex 0.021074 0.140480 0.474131
vertex 0.019167 0.143070 0.474825
vertex -0.001354 0.143070 0.418444
endloop
endfacet
facet normal -0.804171 -0.517338 0.292694
outer loop
vertex 0.022674 0.137664 0.473549
vertex 0.021074 0.140480 0.474131
vertex 0.000553 0.140480 0.417750
endloop
endfacet
facet normal -0.856907 -0.410410 0.311889
outer loop
vertex 0.023943 0.134663 0.473087
vertex 0.022674 0.137664 0.473549
vertex 0.002152 0.137664 0.417167
endloop
endfacet
facet normal -0.897144 -0.297504 0.326534
outer loop
vertex 0.024863 0.131521 0.472752
vertex 0.023943 0.134663 0.473087
vertex 0.003421 0.134663 0.416706
endloop
endfacet
facet normal -0.924301 -0.180253 0.336418
outer loop
vertex 0.025420 0.128285 0.472549
vertex 0.024863 0.131521 0.472752
vertex 0.004341 0.131521 0.416371
endloop
endfacet
facet normal -0.937978 -0.060380 0.341396
outer loop
vertex 0.025607 0.125000 0.472481
vertex 0.025420 0.128285 0.472549
vertex 0.004899 0.128285 0.416168
endloop
endfacet
facet normal 0.342019 0.000005 0.939693
outer loop
vertex -0.020521 0.125000 0.425420
vertex 0.004899 0.128285 0.416168
vertex 0.004341 0.131521 0.416371
endloop
endfacet
facet normal 0.342021 -0.000003 0.939692
outer loop
vertex 0.004341 0.131521 0.416371
vertex 0.003421 0.134663 0.416706
vertex -0.020521 0.125000 0.425420
endloop
endfacet
facet normal 0.342021 -0.000003 0.939692
outer loop
vertex 0.003421 0.134663 0.416706
vertex 0.002152 0.137664 0.417167
vertex -0.020521 0.125000 0.425420
endloop
endfacet
facet normal 0.342020 -0.000001 0.939693
outer loop
vertex 0.002152 0.137664 0.417167
vertex 0.000553 0.140480 0.417750
vertex -0.020521 0.125000 0.425420
endloop
endfacet
facet normal 0.342019 -0.000000 0.939693
outer loop
vertex 0.000553 0.140480 0.417750
vertex -0.001354 0.143070 0.418444
vertex -0.020521 0.125000 0.425420
endloop
endfacet
facet normal 0.342017 0.000003 0.939694
outer loop
vertex -0.001354 0.143070 0.418444
vertex -0.003541 0.145397 0.419240
vertex -0.020521 0.125000 0.425420
endloop
endfacet
facet normal 0.342022 -0.000002 0.939692
outer loop
vertex -0.003541 0.145397 0.419240
vertex -0.005975 0.147426 0.420126
vertex -0.020521 0.125000 0.425420
endloop
endfacet
facet normal 0.342017 0.000002 0.939694
outer loop
vertex -0.005975 0.147426 0.420126
vertex -0.008621 0.149129 0.421089
vertex -0.020521 0.125000 0.425420
endloop
endfacet
facet normal 0.342020 0.000000 0.939693
outer loop
vertex -0.008621 0.149129 0.421089
vertex -0.011441 0.150479 0.422115
vertex -0.020521 0.125000 0.425420
endloop
endfacet
facet normal 0.342018 0.000001 0.939693
outer loop
vertex -0.011441 0.150479 0.422115
vertex -0.014393 0.151458 0.423189
vertex -0.020521 0.125000 0.425420
endloop
endfacet
facet normal 0.342020 0.000000 0.939693
outer loop
vertex -0.014393 0.151458 0.423189
vertex -0.017435 0.152051 0.424297
vertex -0.020521 0.125000 0.425420
endloop
endfacet
facet normal 0.342022 0.000000 0.939692
outer loop
vertex -0.017435 0.152051 0.424297
vertex -0.020521 0.152250 0.425420
vertex -0.020521 0.125000 0.425420
endloop
endfacet
facet normal 0.342021 0.000000 0.939692
outer loop
vertex -0.020521 0.152250 0.425420
vertex -0.023608 0.152051 0.426543
vertex -0.020521 0.125000 0.425420
endloop
endfacet
facet normal 0.342020 -0.000000 0.939693
outer loop
vertex -0.023608 0.152051 0.426543
vertex -0.026649 0.151458 0.427650
vertex -0.020521 0.125000 0.425420
endloop
endfacet
facet normal 0.342018 -0.000001 0.939693
outer loop
vertex -0.026649 0.151458 0.427650
vertex -0.029601 0.150479 0.428725
vertex -0.020521 0.125000 0.425420
endloop
endfacet
facet normal 0.342020 -0.000000 0.939693
outer loop
vertex -0.029601 0.150479 0.428725
vertex -0.032421 0.149129 0.429751
vertex -0.020521 0.125000 0.425420
endloop
endfacet
facet normal 0.342024 0.000002 0.939691
outer loop
vertex -0.032421 0.149129 0.429751
vertex -0.035067 0.147426 0.430714
vertex -0.020521 0.125000 0.425420
endloop
endfacet
facet normal 0.342023 0.000002 0.939692
outer loop
vertex -0.035067 0.147426 0.430714
vertex -0.037502 0.145397 0.431600
vertex -0.020521 0.125000 0.425420
endloop
endfacet
facet normal 0.342018 -0.000003 0.939693
outer loop
vertex -0.037502 0.145397 0.431600
vertex -0.039688 0.143070 0.432396
vertex -0.020521 0.125000 0.425420
endloop
endfacet
facet normal 0.342020 -0.000000 0.939693
outer loop
vertex -0.039688 0.143070 0.432396
vertex -0.041595 0.140480 0.433090
vertex -0.020521 0.125000 0.425420
endloop
endfacet
facet normal 0.342021 0.000000 0.939692
outer loop
vertex -0.041595 0.140480 0.433090
vertex -0.043195 0.137664 0.433672
vertex -0.020521 0.125000 0.425420
endloop
endfacet
facet normal 0.342022 0.000003 0.939692
outer loop
vertex -0.043195 0.137664 0.433672
vertex -0.044464 0.134663 0.434134
vertex -0.020521 0.125000 0.425420
endloop
endfacet
facet normal 0.342019 -0.000006 0.939693
outer loop
vertex -0.044464 0.134663 0.434134
vertex -0.045384 0.131521 0.434469
vertex -0.020521 0.125000 0.425420
endloop
endfacet
facet normal 0.342021 0.000003 0.939692
outer loop
vertex -0.045384 0.131521 0.434469
vertex -0.045941 0.128285 0.434672
vertex -0.020521 0.125000 0.425420
endloop
endfacet
facet normal 0.342021 0.000002 0.939692
outer loop
vertex -0.045941 0.128285 0.434672
vertex -0.046128 0.125000 0.434740
vertex -0.020521 0.125000 0.425420
endloop
endfacet
facet normal 0.342021 -0.000002 0.939692
outer loop
vertex -0.046128 0.125000 0.434740
vertex -0.045941 0.121715 0.434672
vertex -0.020521 0.125000 0.425420
endloop
endfacet
facet normal 0.342021 -0.000003 0.939692
outer loop
vertex -0.045941 0.121715 0.434672
vertex -0.045384 0.118479 0.434469
vertex -0.020521 0.125000 0.425420
endloop
endfacet
facet normal 0.342019 0.000006 0.939693
outer loop
vertex -0.045384 0.118479 0.434469
vertex -0.044464 0.115337 0.434134
vertex -0.020521 0.125000 0.425420
endloop
endfacet
facet normal 0.342022 -0.000003 0.939692
outer loop
vertex -0.044464 0.115337 0.434134
vertex -0.043195 0.112336 0.433672
vertex -0.020521 0.125000 0.425420
endloop
endfacet
facet normal 0.342021 -0.000000 0.939692
outer loop
vertex -0.043195 0.112336 0.433672
vertex -0.041595 0.109520 0.433090
vertex -0.020521 0.125000 0.425420
endloop
endfacet
facet normal 0.342020 0.000000 0.939693
outer loop
vertex -0.041595 0.109520 0.433090
vertex -0.039688 0.106930 0.432396
vertex -0.020521 0.125000 0.425420
endloop
endfacet
facet normal 0.342018 0.000003 0.939693
outer loop
vertex -0.039688 0.106930 0.432396
vertex -0.037502 0.104603 0.431600
vertex -0.020521 0.125000 0.425420
endloop
endfacet
facet normal 0.342023 -0.000002 0.939692
outer loop
vertex -0.037502 0.104603 0.431600
vertex -0.035067 0.102574 0.430714
vertex -0.020521 0.125000 0.425420
endloop
endfacet
facet normal 0.342024 -0.000002 0.939691
outer loop
vertex -0.035067 0.102574 0.430714
vertex -0.032421 0.100871 0.429751
vertex -0.020521 0.125000 0.425420
endloop
endfacet
facet normal 0.342020 0.000000 0.939693
outer loop
vertex -0.032421 0.100871 0.429751
vertex -0.029601 0.099521 0.428725
vertex -0.020521 0.125000 0.425420
endloop
endfacet
facet normal 0.342018 0.000001 0.939693
outer loop
vertex -0.029601 0.099521 0.428725
vertex -0.026649 0.098542 0.427650
vertex -0.020521 0.125000 0.425420
endloop
endfacet
facet normal 0.342020 0.000000 0.939693
outer loop
vertex -0.026649 0.098542 0.427650
vertex -0.023608 0.097949 0.426543
vertex -0.020521 0.125000 0.425420
endloop
endfacet
facet normal 0.342021 0.000000 0.939692
outer loop
vertex -0.023608 0.097949 0.426543
vertex -0.020521 0.097750 0.425420
vertex -0.020521 0.125000 0.425420
endloop
endfacet
facet normal 0.342022 -0.000000 0.939692
outer loop
vertex -0.020521 0.097750 0.425420
vertex -0.017435 0.097949 0.424297
vertex -0.020521 0.125000 0.425420
endloop
endfacet
facet normal 0.342020 -0.000000 0.939693
outer loop
vertex -0.017435 0.097949 0.424297
vertex -0.014393 0.098542 0.423189
vertex -0.020521 0.125000 0.425420
endloop
endfacet
facet normal 0.342018 -0.000001 0.939693
outer loop
vertex -0.014393 0.098542 0.423189
vertex -0.011441 0.099521 0.422115
vertex -0.020521 0.125000 0.425420
endloop
endfacet
facet normal 0.342020 -0.000000 0.939693
outer loop
vertex -0.011441 0.099521 0.422115
vertex -0.008621 0.100871 0.421089
vertex -0.020521 0.125000 0.425420
endloop
endfacet
facet normal 0.342017 -0.000002 0.939694
outer loop
vertex -0.008621 0.100871 0.421089
vertex -0.005975 0.102574 0.420126
vertex -0.020521 0.125000 0.425420
endloop
endfacet
facet normal 0.342022 0.000002 0.939692
outer loop
vertex -0.005975 0.102574 0.420126
vertex -0.003541 0.104603 0.419240
vertex -0.020521 0.125000 0.425420
endloop
endfacet
facet normal 0.342017 -0.000003 0.939694
outer loop
vertex -0.003541 0.104603 0.419240
vertex -0.001354 0.106930 0.418444
vertex -0.020521 0.125000 0.425420
endloop
endfacet
facet normal 0.342019 0.000000 0.939693
outer loop
vertex -0.001354 0.106930 0.418444
vertex 0.000553 0.109520 0.417750
vertex -0.020521 0.125000 0.425420
endloop
endfacet
facet normal 0.342020 0.000001 0.939693
outer loop
vertex 0.000553 0.109520 0.417750
vertex 0.002152 0.112336 0.417167
vertex -0.020521 0.125000 0.425420
endloop
endfacet
facet normal 0.342021 0.000003 0.939692
outer loop
vertex 0.002152 0.112336 0.417167
vertex 0.003421 0.115337 0.416706
vertex -0.020521 0.125000 0.425420
endloop
endfacet
facet normal 0.342021 0.000003 0.939692
outer loop
vertex 0.003421 0.115337 0.416706
vertex 0.004341 0.118479 0.416371
vertex -0.020521 0.125000 0.425420
endloop
endfacet
facet normal 0.342019 -0.000005 0.939693
outer loop
vertex 0.004341 0.118479 0.416371
vertex 0.004899 0.121715 0.416168
vertex -0.020521 0.125000 0.425420
endloop
endfacet
facet normal 0.342020 0.000003 0.939693
outer loop
vertex 0.004899 0.121715 0.416168
vertex 0.005085 0.125000 0.416100
vertex -0.020521 0.125000 0.425420
endloop
endfacet
facet normal 0.342020 -0.000003 0.939693
outer loop
vertex 0.005085 0.125000 0.416100
vertex 0.004899 0.128285 0.416168
vertex -0.020521 0.125000 0.425420
endloop
endfacet
endsolid scaled_model
